review_id,provider_id,user_id,rating,comment,created_at
1,33,210,5,Go system group city.,2025-01-08 09:49:47
2,72,51,5,Resource leader good walk account page.,2025-01-19 00:05:00
3,58,137,3,Could reach add once part meet.,2025-01-17 19:49:43
4,14,279,1,Manager mind language pretty house black piece.,2025-06-26 04:41:38
5,71,212,1,Character best drug exactly moment.,2025-06-17 13:54:30
6,67,277,2,Campaign direction how age capital.,2025-01-26 15:55:27
7,3,196,1,Spend network somebody Republican air yet.,2025-01-20 13:10:27
8,88,118,1,Old employee from agree detail.,2025-01-19 19:09:19
9,62,207,2,Become our front season with analysis.,2025-05-27 08:32:03
10,65,112,4,Visit memory something region necessary particular it.,2025-03-05 15:45:55
11,2,18,3,Support treatment sense anything goal.,2025-01-26 21:21:16
12,31,212,5,Green cultural special.,2025-04-02 08:19:52
13,92,243,2,Lose could amount not.,2025-01-30 00:20:56
14,95,260,4,Result travel create positive everyone.,2025-01-17 04:56:31
15,44,31,2,What president change start.,2025-04-10 17:13:43
16,43,60,2,Hair south play policy commercial.,2025-05-16 12:56:14
17,3,214,3,Article artist professional ever step impact.,2025-03-10 13:20:20
18,58,154,2,Include less rich trade dark whether.,2025-07-02 11:13:24
19,63,294,3,Program fast vote skill.,2025-04-23 06:30:47
20,68,100,1,Wish course imagine quickly possible effect truth.,2025-06-04 12:58:55
21,54,10,4,Television exist have building surface us.,2025-06-15 11:39:41
22,44,149,5,Test happen produce culture movie responsibility.,2025-01-06 23:05:19
23,96,98,3,Official sell worry system drive federal newspaper.,2025-01-30 09:21:48
24,61,217,5,Model area on market scientist old get.,2025-01-12 22:21:05
25,77,45,3,Institution provide outside.,2025-06-08 08:36:49
26,68,225,1,While provide assume staff itself little build technology.,2025-01-01 02:04:55
27,92,166,5,In enter right past.,2025-06-06 06:47:43
28,57,101,2,Send use image area decision necessary best.,2025-04-02 13:01:09
29,4,33,1,Interview move him red bed.,2025-02-13 15:15:58
30,27,276,1,Marriage during apply cause.,2025-03-27 05:15:21
31,49,83,3,Agency each matter economy.,2025-02-01 09:48:56
32,6,55,1,Degree notice police you statement those look team.,2025-02-19 15:20:23
33,87,59,2,Return Republican trade statement affect.,2025-06-19 21:09:14
34,96,232,2,Section nearly possible.,2025-04-05 00:05:13
35,37,267,3,Become Democrat end write common.,2025-03-27 02:51:06
36,5,252,4,Expert book question attorney white.,2025-06-07 06:43:42
37,78,237,5,Dark toward color dark once which.,2025-01-11 22:30:35
38,23,207,2,Appear most whose sure join PM discover section.,2025-05-17 16:53:29
39,15,246,5,Population skill our.,2025-01-26 11:52:54
40,49,34,4,Catch trouble power report understand their.,2025-05-15 18:54:31
41,76,147,3,Work truth after well charge until right.,2025-03-07 08:40:02
42,30,109,2,Summer long recently certainly.,2025-02-11 01:17:53
43,87,40,2,Marriage success mind.,2025-02-28 11:15:33
44,9,229,5,Region notice happy easy.,2025-04-16 13:16:22
45,69,41,4,Get market throw former current end wide.,2025-06-06 05:59:32
46,53,77,5,Fish without evening daughter none experience report than.,2025-04-14 04:44:29
47,75,262,3,Major exactly become only hit try.,2025-05-13 19:46:35
48,4,160,4,Federal might side.,2025-01-31 21:43:54
49,5,236,3,Factor must draw over.,2025-05-25 22:28:25
50,75,199,5,Pay certainly PM dark part similar.,2025-07-08 17:54:02
51,93,4,2,Like key avoid bad.,2025-05-10 07:33:17
52,86,211,2,Your security party past.,2025-04-03 16:58:22
53,26,267,1,Growth director this degree.,2025-02-06 23:06:18
54,49,34,3,Everyone fill during recognize culture help kitchen.,2025-05-11 16:54:50
55,22,39,2,Rock age open or least state.,2025-01-17 16:07:32
56,21,265,2,Yes us store.,2025-06-26 17:24:17
57,88,149,4,Turn agreement work manager worker area.,2025-01-31 05:32:08
58,62,264,2,Perhaps research world address reduce memory.,2025-04-01 19:57:53
59,75,80,1,Opportunity mean two themselves professor.,2025-03-09 15:09:54
60,18,287,3,Red necessary agreement medical.,2025-06-07 07:07:33
61,82,257,1,Never focus major community.,2025-05-19 13:22:40
62,84,103,2,Glass finish sing else.,2025-06-25 09:24:24
63,38,181,2,Whole animal crime around usually your building.,2025-02-21 07:26:25
64,44,73,3,Plant work court would film.,2025-01-29 19:00:07
65,1,24,2,Network while able to eye see enjoy.,2025-03-24 03:49:52
66,81,185,2,Hard training capital goal.,2025-01-24 15:30:33
67,51,224,5,Seek pay player toward.,2025-02-01 03:04:25
68,78,104,1,Century paper address business step him.,2025-04-26 18:21:23
69,64,170,1,Notice table across store cultural father within.,2025-07-04 13:00:45
70,41,182,5,See system someone grow source.,2025-01-23 20:00:45
71,24,132,2,Officer song six strategy test provide.,2025-06-15 16:05:49
72,22,191,5,If region young clearly capital organization know positive.,2025-01-19 07:18:04
73,67,217,1,Her coach policy notice student.,2025-02-07 15:20:06
74,59,40,2,Goal themselves money boy time beat.,2025-01-26 19:43:15
75,3,222,2,Ok firm so top light imagine at.,2025-05-05 10:37:18
76,19,112,5,Join draw standard.,2025-06-06 11:24:43
77,76,41,2,Him Mr must claim safe.,2025-03-17 14:06:59
78,68,82,3,Race friend last picture some culture manager guess.,2025-02-12 07:16:58
79,31,31,1,Best thank drive.,2025-01-16 12:32:58
80,58,131,5,How only page.,2025-01-21 22:14:06
81,48,151,1,Effect argue out sit soldier pull wait.,2025-05-22 17:47:02
82,91,270,5,At trouble scene ability weight you purpose.,2025-01-18 01:48:39
83,35,151,3,Public standard allow human open leader vote.,2025-06-20 18:49:24
84,68,224,4,Less color scientist name.,2025-06-16 11:06:23
85,71,126,5,Thank control today education add.,2025-05-16 14:27:13
86,88,160,3,Huge pass word than.,2025-05-27 12:46:48
87,51,270,5,Knowledge little need color wall son serve fight.,2025-04-20 19:33:36
88,71,295,5,Be hope he happen source.,2025-01-18 13:06:29
89,17,209,2,During enough suddenly Congress whom would.,2025-06-19 03:17:59
90,71,225,3,Direction know bar beyond.,2025-06-25 12:52:50
91,30,25,2,Such thing either lawyer.,2025-05-10 12:15:31
92,51,123,2,Although throw rate sell performance.,2025-06-16 22:56:51
93,13,144,4,Major condition toward.,2025-01-07 00:47:30
94,62,185,1,Wonder think evening collection couple war billion.,2025-06-19 16:11:07
95,34,100,2,Ready institution once kid contain.,2025-06-16 08:25:58
96,44,288,4,Health reduce street military production whole.,2025-06-14 04:15:28
97,69,41,1,Positive step carry thought.,2025-03-20 12:21:13
98,9,232,3,Want run business partner listen similar.,2025-06-23 20:13:04
99,100,164,3,Sure career old energy final hour.,2025-05-28 05:10:46
100,81,197,1,Start himself song sit now prove.,2025-04-30 14:01:34
101,83,217,3,Citizen should reason article type.,2025-02-07 13:43:31
102,16,51,1,Late two hit arrive serve visit discover.,2025-06-10 11:05:40
103,54,85,3,Generation quality task.,2025-01-18 07:32:37
104,70,16,3,Data health fill boy put card plant.,2025-04-02 09:38:04
105,2,263,5,Industry condition marriage compare well general nothing.,2025-04-28 08:35:15
106,5,135,5,Outside bed class mention leave.,2025-03-08 00:20:49
107,1,48,2,Discussion then magazine style low air almost.,2025-03-02 17:17:45
108,45,9,1,Open pressure create many cell.,2025-05-22 22:58:05
109,70,28,5,All report yet take.,2025-01-10 16:37:43
110,26,299,2,Great item myself picture interview.,2025-02-10 08:19:32
111,87,245,1,His race by magazine answer step.,2025-06-12 05:23:30
112,36,47,1,Response nature be city side.,2025-07-04 19:16:26
113,58,162,1,Will pick include bring room politics model car.,2025-02-24 18:00:07
114,69,253,1,Full hotel spring trade born.,2025-03-20 12:15:15
115,82,272,5,About whole national our need resource standard.,2025-06-25 14:42:11
116,66,119,1,Management chance top indicate election.,2025-01-14 22:56:33
117,10,9,4,Production later difficult serious.,2025-01-06 07:33:27
118,76,249,1,Most garden sport history another.,2025-06-23 12:58:30
119,14,125,2,Good late seven beat center rock hard.,2025-04-11 15:20:36
120,74,153,3,Check move where.,2025-05-28 19:42:09
121,13,120,4,Win evening what interesting try difference.,2025-03-22 08:11:00
122,21,95,3,Reduce explain perform coach safe.,2025-02-13 18:37:53
123,65,50,5,Campaign drive glass.,2025-03-17 07:53:14
124,17,144,3,Type choice short put maybe himself.,2025-04-06 06:05:24
125,89,254,5,Total threat modern system spend growth everything wife.,2025-01-08 19:55:04
126,82,130,3,Lose why record glass old.,2025-05-23 17:53:25
127,38,37,3,Dark natural nice important blue direction indeed simple.,2025-01-01 19:56:47
128,36,136,3,Interview sometimes popular.,2025-01-23 17:58:54
129,34,124,3,Born someone lot close report.,2025-04-14 05:42:58
130,70,145,2,Current candidate front system.,2025-06-09 09:39:35
131,43,94,5,Citizen pressure college fast too billion add.,2025-04-25 03:49:41
132,39,157,1,Country day all defense condition from camera season.,2025-07-03 00:14:37
133,72,137,2,Within green watch article.,2025-05-19 17:31:34
134,31,215,1,Fish measure say bed.,2025-05-27 21:19:35
135,34,215,3,Best range tax policy especially.,2025-03-14 04:49:53
136,18,111,2,Billion draw family tonight tree item field.,2025-06-21 05:24:00
137,39,116,3,City everything guess happy future south organization.,2025-04-08 14:05:13
138,39,144,4,Many use require possible glass maybe.,2025-06-21 09:23:30
139,89,215,1,Someone social say bag.,2025-06-27 13:10:23
140,98,65,2,Particular your eat Mr interest.,2025-04-24 04:33:28
141,11,142,2,Act professor strong news organization.,2025-01-03 03:59:04
142,37,1,3,Citizen crime whole parent.,2025-04-21 14:02:53
143,55,200,4,Meeting film note nor some.,2025-01-14 22:03:50
144,28,197,5,Country theory less trade food time set.,2025-03-26 01:42:10
145,80,8,5,Business final teach set.,2025-01-25 01:23:11
146,88,189,3,Successful simply both strong upon ever again.,2025-05-06 23:41:52
147,2,101,1,Mind born out pick.,2025-05-11 15:37:01
148,34,263,2,Around good value.,2025-01-09 10:06:46
149,58,192,3,Free plant else action.,2025-03-25 12:36:16
150,33,94,4,End around difficult their fill firm develop be.,2025-02-26 00:10:39
151,67,140,3,Goal return buy option myself.,2025-01-12 13:42:11
152,71,96,4,Everything her enjoy his capital several article operation.,2025-05-03 01:07:32
153,56,73,5,Rule heavy recently.,2025-06-17 09:52:48
154,2,35,1,Drop think up guess.,2025-06-16 04:28:33
155,24,13,3,Me security stock film.,2025-02-02 00:42:24
156,7,112,4,Offer certain see design sometimes.,2025-02-15 02:26:48
157,86,92,1,Dark whom lay probably team.,2025-02-18 23:39:16
158,2,169,2,Sit sometimes view.,2025-02-28 00:48:53
159,47,274,5,Plan book benefit.,2025-01-07 01:16:11
160,62,100,2,Country position pattern thank price.,2025-04-26 03:49:04
161,55,95,3,Attorney go can see.,2025-05-25 20:35:07
162,94,142,5,Daughter real consider his.,2025-06-13 11:16:36
163,14,141,2,Reveal fund realize writer.,2025-01-13 12:32:49
164,99,279,2,Because thus space offer later or their.,2025-04-05 22:37:42
165,83,124,3,Word sing above paper.,2025-03-17 07:15:55
166,55,27,5,Author establish protect.,2025-06-09 11:50:38
167,28,139,3,Seven face not light arrive.,2025-06-18 01:18:16
168,75,150,5,Which really answer character teacher.,2025-02-01 14:12:30
169,76,272,5,Bit name program PM story agreement money manager.,2025-06-14 02:33:48
170,49,124,5,Throw moment choose cut brother north information.,2025-01-15 21:24:40
171,76,176,3,Speak suggest hand organization available.,2025-01-20 07:36:37
172,41,251,4,Whole ball market.,2025-05-04 02:20:07
173,50,42,2,Put training listen.,2025-02-05 09:13:36
174,49,93,3,Fact successful inside western participant age very.,2025-03-03 04:27:06
175,66,75,1,Glass set difference environmental.,2025-05-23 04:48:22
176,23,93,5,Sound information difference them.,2025-03-16 10:42:29
177,52,152,2,President per allow science who.,2025-06-29 12:31:23
178,67,276,1,Natural attention finally recently almost job.,2025-01-11 08:53:23
179,81,154,2,Once move contain today church.,2025-07-03 07:02:49
180,65,7,4,Like born reveal.,2025-03-14 13:31:02
181,15,252,1,Kind outside good or enter court before.,2025-03-20 20:50:36
182,64,242,1,Sure head interesting professor likely.,2025-04-03 03:45:14
183,97,261,2,At let term big per race.,2025-05-27 22:53:52
184,76,86,1,Cause sign give official military must sure.,2025-04-09 02:59:34
185,73,31,2,Institution yourself because because prevent play.,2025-07-01 18:28:25
186,61,81,3,Professor describe green increase local adult.,2025-06-20 06:16:34
187,92,57,5,Late door executive remember food.,2025-04-02 13:41:38
188,96,203,2,Finish give visit series.,2025-05-03 23:51:38
189,20,74,1,Trade ready appear for.,2025-04-26 20:54:35
190,65,277,5,Small yard issue more.,2025-06-23 02:31:08
191,54,22,5,Business detail feeling should boy stock.,2025-03-13 19:32:44
192,49,288,5,Partner own force now response.,2025-02-04 09:51:01
193,21,287,2,Better century leg if example.,2025-01-05 08:46:35
194,78,129,3,Where one need director contain.,2025-03-22 13:52:41
195,36,158,2,Language this interview account add officer.,2025-01-07 22:46:10
196,54,80,4,Buy upon else create break cover situation really.,2025-07-07 11:03:03
197,18,287,3,Box determine before impact development cost man.,2025-06-29 09:29:36
198,79,62,2,All look force reality traditional.,2025-02-26 00:52:23
199,80,222,2,Call pick mean its want.,2025-04-03 02:55:28
200,31,234,3,Indicate own test about bit.,2025-05-14 15:28:54
201,86,269,1,Pressure stage current build either kitchen.,2025-01-14 22:19:46
202,78,224,1,Those should because service wrong our camera.,2025-01-31 01:27:11
203,3,89,1,Personal hear feeling visit.,2025-04-07 12:42:52
204,94,35,4,Value structure air boy.,2025-01-31 14:39:39
205,44,36,1,Phone deal why require left operation exactly.,2025-04-20 20:02:40
206,28,166,3,Show wide material door different fund themselves.,2025-05-11 10:18:25
207,33,265,4,Price policy feel thing thing station.,2025-01-24 15:55:30
208,47,240,1,Consider money reality garden organization.,2025-03-08 01:09:02
209,90,192,5,Recent lawyer night hit positive.,2025-03-23 08:32:06
210,38,203,4,Sea property realize.,2025-03-24 10:07:02
211,36,19,4,Sort drop skin food relationship.,2025-03-09 14:45:04
212,76,1,2,Real indicate like guess.,2025-01-26 19:17:57
213,43,108,1,Cost investment manager other.,2025-01-12 16:44:47
214,88,148,2,Street issue without cultural by record example.,2025-02-25 19:58:08
215,21,110,1,Worker improve follow professor specific whether.,2025-04-26 17:55:43
216,26,57,5,Special boy wear hospital chair.,2025-05-28 07:06:40
217,50,191,1,Middle sing rise page ago only nature.,2025-04-08 02:55:49
218,62,237,2,Place concern attorney.,2025-06-05 13:20:42
219,69,24,3,Young soon likely some data.,2025-07-04 23:37:06
220,73,169,3,Which from agent store before.,2025-04-09 04:00:20
221,39,293,1,Nation lead he risk get similar.,2025-02-26 01:16:21
222,71,167,4,Soldier step clearly activity family in specific fear.,2025-01-27 04:12:41
223,75,150,4,Raise each onto high food artist growth.,2025-03-16 02:48:11
224,24,25,2,Fact how agent agree wear summer whether.,2025-03-28 07:15:07
225,56,282,3,Positive consider money stand close your power.,2025-01-07 09:59:11
226,32,100,3,Data week why military reduce onto.,2025-06-09 15:09:33
227,28,46,1,Policy piece clear toward allow keep analysis gun.,2025-02-21 03:38:21
228,50,117,1,Daughter notice nation.,2025-04-01 19:13:11
229,17,18,1,Could growth training then one response.,2025-03-09 23:59:03
230,28,132,5,Ever region read too page believe improve.,2025-07-08 03:11:09
231,71,239,1,Note building teacher start free.,2025-04-11 09:18:55
232,33,21,4,Program budget set large.,2025-06-12 07:23:37
233,40,91,2,Fund measure east use treat.,2025-04-05 04:04:28
234,92,262,3,Poor unit stuff mother.,2025-06-10 03:30:04
235,67,161,4,Consider science note.,2025-06-09 18:47:22
236,30,127,4,Test until maintain finish network official.,2025-06-28 22:22:07
237,16,145,2,Determine night customer baby.,2025-04-19 06:29:11
238,24,106,1,We us heavy plan.,2025-01-19 10:02:26
239,13,278,1,Full family movement point husband such.,2025-05-23 08:54:02
240,83,102,2,Both at just half.,2025-04-08 07:00:48
241,49,286,3,Trial purpose other.,2025-04-20 16:53:01
242,56,243,3,Generation policy trip now challenge.,2025-04-21 04:50:37
243,23,205,2,Long care on may and commercial.,2025-05-05 17:18:17
244,97,3,4,Out leader current military.,2025-05-20 02:41:29
245,85,161,5,Laugh think week best.,2025-06-06 16:35:41
246,44,194,3,Public woman list environment million quite truth.,2025-05-19 12:56:35
247,6,55,5,Rule discussion remain defense.,2025-01-26 12:54:26
248,72,48,3,Happy near bad air sing long.,2025-06-23 07:13:45
249,82,74,5,Particularly kind step behavior a.,2025-01-17 09:22:29
250,57,223,3,Everybody then here year weight vote.,2025-05-09 23:25:11
251,44,245,5,Ground feeling without determine third.,2025-05-27 22:57:39
252,23,191,1,Fast until air.,2025-05-04 20:51:41
253,90,298,5,Suggest fund arrive vote choice report light.,2025-05-21 00:51:27
254,57,75,3,Factor discover Republican oil style building.,2025-01-08 21:57:47
255,30,242,4,Receive article five worry along sea institution fact.,2025-01-08 04:28:15
256,97,40,2,Task everybody kitchen rather stop glass return number.,2025-03-16 11:54:57
257,44,280,4,Late despite star.,2025-06-29 20:20:45
258,44,119,1,Line only step finally.,2025-04-02 07:45:21
259,39,170,1,Cover sing lay threat war instead despite.,2025-04-29 09:42:57
260,96,117,2,Cut draw painting white law bring western.,2025-07-08 12:02:01
261,63,120,5,Picture son discover tell good show radio.,2025-02-06 01:24:53
262,77,91,3,Whose system drop magazine control account.,2025-03-22 02:07:13
263,13,141,4,Value way black least region ready PM.,2025-03-07 01:19:26
264,2,17,3,Team several standard each story strong create.,2025-07-06 10:35:16
265,5,276,1,Culture ability movie opportunity move station.,2025-05-04 12:13:48
266,99,253,5,Project pick your play play a would.,2025-01-22 15:00:59
267,55,107,4,Thank agreement candidate address.,2025-06-11 05:04:17
268,30,245,3,Data party prevent policy several address.,2025-07-06 12:24:54
269,10,30,5,Specific writer woman play environmental.,2025-06-02 08:05:49
270,10,73,4,Nice road start easy how large.,2025-06-29 07:46:43
271,31,39,1,Send news over argue grow go baby.,2025-04-22 23:09:23
272,98,300,5,These writer nearly environmental activity miss.,2025-02-27 09:59:57
273,78,287,2,None alone likely along small stand.,2025-01-07 10:10:01
274,67,2,1,Here run memory according few kind thing key.,2025-06-04 00:55:07
275,64,170,1,Listen follow season role responsibility serve.,2025-04-22 11:33:17
276,95,153,1,Eat hour record amount window better those.,2025-02-05 15:58:57
277,2,295,1,Reality speech stuff blue support.,2025-04-19 06:16:38
278,20,152,1,Conference thing among mention.,2025-04-18 06:56:03
279,90,27,1,Know magazine box get newspaper.,2025-04-25 10:46:31
280,59,128,1,Door student beyond thousand energy.,2025-05-03 16:04:40
281,61,141,3,Remain design report fine break him.,2025-03-08 13:35:48
282,1,22,5,Site forget task seem.,2025-02-09 20:06:50
283,90,242,5,Program in various money local.,2025-02-14 00:46:25
284,78,121,4,Could field blood whole rest.,2025-01-09 01:48:01
285,9,165,5,He authority throughout near rich.,2025-01-06 17:54:05
286,27,224,5,She successful room receive go appear where.,2025-01-19 12:27:54
287,18,186,3,Administration deep style.,2025-02-27 01:46:04
288,32,299,2,Compare floor billion site.,2025-01-07 00:49:50
289,55,266,3,Particularly matter education all into later.,2025-01-31 08:54:56
290,68,34,3,Late onto despite according where mouth class.,2025-03-07 00:00:37
291,18,146,3,These attention computer responsibility matter wall.,2025-03-11 05:10:36
292,72,46,4,Administration away we between standard meeting culture.,2025-03-29 18:32:05
293,8,11,1,Action sense result.,2025-03-29 15:34:18
294,71,178,2,Reduce such go final.,2025-05-06 05:28:43
295,52,283,5,Idea understand school development.,2025-05-05 15:05:45
296,5,210,5,Performance health herself.,2025-01-03 22:29:09
297,62,62,3,Kid yourself task source.,2025-02-01 03:53:54
298,8,262,1,Pressure center require attack record.,2025-07-07 12:08:16
299,83,249,3,Get eight weight great world positive.,2025-04-14 21:13:33
300,21,22,2,Operation child likely.,2025-02-06 03:51:30
301,65,15,1,Way learn believe doctor among wrong certainly others.,2025-01-12 07:02:17
302,57,194,2,Dark use position physical full effect include.,2025-03-12 06:05:24
303,46,228,1,Realize guess trade quite end bar.,2025-07-05 15:25:12
304,12,37,4,Teacher can news represent.,2025-03-24 01:04:58
305,15,97,3,Positive hard drive trouble sport.,2025-01-03 03:11:03
306,1,145,4,Figure join rise wait.,2025-05-17 11:18:44
307,26,146,3,White couple write only work technology from.,2025-06-30 07:19:24
308,99,193,4,Rather away this only production carry drug anything.,2025-04-14 07:59:32
309,34,204,5,Dog could common institution so board high.,2025-05-12 14:45:45
310,10,241,3,Well four product next.,2025-04-19 21:26:13
311,46,82,2,Contain thus prepare training painting.,2025-02-05 11:59:20
312,37,261,4,Until with there direction partner face every treatment.,2025-03-15 12:06:18
313,48,200,1,Have safe unit series sit take reach.,2025-04-04 06:20:18
314,35,255,1,New control hit hit team like travel car.,2025-06-09 04:13:47
315,78,187,3,Exactly ok state seven above.,2025-05-08 18:36:19
316,4,33,1,Room much imagine find decision.,2025-05-04 10:54:52
317,59,122,3,Plan herself give audience as film.,2025-02-12 08:33:39
318,68,230,3,Test newspaper certain senior close.,2025-03-16 17:53:38
319,50,220,5,About treat car example later total.,2025-06-26 01:13:28
320,76,244,4,Wear with onto determine.,2025-03-18 00:17:27
321,78,67,2,Partner how assume.,2025-03-19 07:25:29
322,61,123,1,Reflect stage big reveal measure.,2025-03-23 18:48:33
323,9,107,5,Result really five increase trip eat happen.,2025-06-05 15:07:07
324,78,15,4,Big place security operation open.,2025-05-08 07:08:46
325,14,228,5,Opportunity election election push piece least.,2025-01-30 03:07:20
326,71,120,2,Receive others professor democratic relationship when contain.,2025-06-05 12:23:42
327,66,197,5,Large feel thank growth skin some miss.,2025-05-29 10:37:09
328,66,283,4,However rest eye big expert bring check.,2025-05-26 08:15:34
329,52,159,4,Office coach too prove behavior hear.,2025-03-01 14:51:17
330,11,198,1,Decide should sense suffer available.,2025-05-04 04:45:17
331,79,71,3,Movement wish ahead themselves list forget its.,2025-05-25 13:27:05
332,72,77,5,Whom story family pass interview.,2025-05-01 23:33:24
333,75,259,3,List accept first scientist part.,2025-03-13 02:13:24
334,82,247,2,Less PM officer get area.,2025-01-20 00:41:17
335,64,92,3,Group opportunity middle late plan possible.,2025-01-18 01:01:42
336,54,216,4,Him her for crime off.,2025-03-01 03:07:23
337,40,180,4,Leave difficult western first project including few.,2025-06-13 05:31:52
338,28,136,5,Mission next exactly peace.,2025-01-20 00:38:40
339,94,66,2,Everybody other century would together.,2025-04-04 13:36:57
340,19,161,1,President analysis room do pressure reason.,2025-04-21 20:04:41
341,88,148,1,His appear floor rule today several energy.,2025-03-09 20:15:47
342,92,271,3,Through field tend.,2025-05-26 04:53:17
343,81,229,5,Mean four event side give do.,2025-05-02 23:42:35
344,48,261,4,Since toward already last anything could.,2025-05-07 10:08:47
345,7,287,5,Plant what market.,2025-02-01 15:27:02
346,55,208,1,Speak whole more join.,2025-02-07 13:57:27
347,18,277,5,Together sing increase.,2025-02-13 10:54:30
348,35,121,3,Performance career dog area.,2025-04-15 05:08:48
349,32,275,2,Plan thought behind west moment.,2025-06-08 04:42:59
350,92,226,2,Your quality dark speech write.,2025-01-31 20:56:48
351,25,78,4,Show fund right when of.,2025-03-08 05:19:06
352,73,95,2,First better difference including.,2025-05-20 00:55:51
353,25,278,3,Wall road such vote media say.,2025-01-19 11:33:13
354,83,58,1,Through trade laugh eye.,2025-04-19 14:20:32
355,55,290,2,Condition college population early theory two as.,2025-06-08 15:22:02
356,62,15,2,Nice agency medical him analysis despite pass.,2025-05-17 06:30:35
357,85,202,5,Interview those machine fast cultural own argue vote.,2025-05-28 18:30:50
358,66,239,4,Process expect federal read know week commercial.,2025-03-01 14:33:10
359,29,184,1,Share activity including resource American inside enjoy.,2025-03-19 18:58:41
360,22,94,5,Goal fast care she onto.,2025-02-28 18:26:59
361,39,63,1,Even attack well effort.,2025-04-12 22:27:38
362,29,39,3,Evidence law general tend none.,2025-05-27 19:34:08
363,13,200,2,Again sit it parent red try hard stage.,2025-04-17 12:48:33
364,43,51,2,Continue season fast into still call.,2025-02-23 16:48:53
365,17,240,5,Get what effect north section to.,2025-01-16 03:10:54
366,30,166,2,Across artist another oil.,2025-03-03 22:48:11
367,66,248,3,He type compare help ground everyone national adult.,2025-02-26 20:57:13
368,15,216,1,Republican star detail value skill imagine.,2025-04-30 14:09:05
369,43,27,4,Prevent class talk claim director ability.,2025-04-14 15:45:46
370,72,158,5,Start executive way decade among return.,2025-05-12 21:39:39
371,50,231,1,Certain discover pretty thank.,2025-03-15 05:48:26
372,52,47,5,Dinner office produce term under.,2025-06-07 08:39:37
373,68,43,2,Energy these evidence level stuff.,2025-04-24 13:08:23
374,28,289,5,Current political follow.,2025-03-06 21:07:00
375,100,144,3,Blood year begin report though individual.,2025-03-08 09:58:38
376,72,175,1,Nature must him play.,2025-05-27 01:04:46
377,33,141,4,Treatment arrive trip mean become.,2025-03-09 03:17:59
378,45,237,4,Quite though similar peace.,2025-04-26 20:08:51
379,17,169,2,Someone memory now.,2025-03-20 11:36:23
380,13,101,3,People TV understand matter religious glass.,2025-02-07 15:41:26
381,91,142,1,Drive to key catch team shoulder.,2025-06-15 21:08:55
382,63,27,5,Include could on.,2025-03-18 20:54:46
383,96,245,4,Skin machine major paper name former institution.,2025-05-06 21:03:03
384,14,111,1,One amount science analysis action.,2025-04-19 16:10:05
385,54,285,2,How type especially.,2025-07-06 01:20:47
386,95,56,3,Maintain somebody scene.,2025-04-02 12:08:54
387,77,255,2,Nothing we senior risk.,2025-02-08 20:23:48
388,95,204,1,Day huge water player relationship edge.,2025-02-27 06:56:46
389,97,13,3,Concern entire leg business.,2025-03-23 13:26:49
390,14,177,1,Lawyer ahead life issue serious such under.,2025-04-17 08:47:11
391,67,164,1,Learn and world human report cost.,2025-06-19 06:30:40
392,59,230,3,Politics agreement role help without score subject space.,2025-02-07 21:25:04
393,37,97,5,While special perhaps movement society.,2025-04-20 21:58:45
394,38,197,5,Itself score mother game which paper minute.,2025-01-15 13:33:30
395,40,138,3,Audience remain I current true local single action.,2025-03-28 21:30:27
396,39,96,1,Training power agent field.,2025-01-31 07:47:56
397,63,143,2,Commercial although five throughout physical already.,2025-06-18 07:01:00
398,98,100,5,Child story serve quality seek.,2025-05-25 02:10:12
399,12,70,2,Cold book just with capital million participant.,2025-05-02 14:57:47
400,20,76,2,Employee put section area forget fine.,2025-03-02 19:48:15
