quote_request_id,user_id,category_id,image_id,title,description,budget_range,timeline,scheduled_date,created_at,status
1,206,8,,However station lead.,"Range collection upon. Usually for now.
Common likely development such tough exist. Ready enough color.",$100 - $500,2 weeks,2025-06-04,2025-03-04 03:45:06,pending
2,260,6,,Night magazine loss campaign.,"None enter just carry. Represent change be.
Miss game if ability throughout whom imagine. Company local visit as. Poor entire respond bill improve term.",$100 - $500,2 weeks,2025-03-28,2025-05-26 14:41:56,pending
3,173,3,,Industry perhaps.,Machine western relate finally writer believe. Recent choice yeah consumer wear.,$100 - $500,2 weeks,2025-04-21,2025-01-19 22:23:37,rejected
4,187,8,,Answer necessary majority child.,"When until office minute. Drug benefit partner remember.
Light want whom hold. American car media guess. A many wife why in value involve agent.",$100 - $500,2 weeks,2025-02-13,2025-04-06 04:00:54,accepted
5,191,2,,Board always camera.,"Skin social baby common last him world. Two he guy simple gas writer.
Seven television himself task. Once range beat check. Free talk remain again should agreement government.",$100 - $500,2 weeks,2025-05-09,2025-01-16 04:04:06,accepted
6,52,1,,At.,Value decision attorney run how. Eight yard type officer. Small force who class every wish.,$100 - $500,2 weeks,2025-01-20,2025-02-19 16:23:30,rejected
7,267,2,,Choose continue along.,Food across international soldier. Of early very authority consumer up which audience.,$100 - $500,2 weeks,2025-01-15,2025-03-20 16:18:39,rejected
8,205,10,,Program nor.,Race lead I perhaps leave keep soldier. Dark simple health ok.,$100 - $500,2 weeks,2025-04-15,2025-05-02 14:26:28,pending
9,223,2,,Send start.,Compare boy method difficult somebody cause easy. Center course generation consumer value gas board. Evening start position. Cause full view somebody discover.,$100 - $500,2 weeks,2025-06-10,2025-03-04 00:14:50,pending
10,138,4,,Record up word.,"Commercial identify compare simply voice. Tree help fall accept senior result place.
Beat mission career. Base energy walk yes himself enjoy cost. Mouth want they partner.",$100 - $500,2 weeks,2025-02-10,2025-05-07 21:22:27,pending
11,204,5,,Together us soon.,Upon establish mind act effect. Field book least skill maybe. Wonder other benefit act TV.,$100 - $500,2 weeks,2025-04-11,2025-06-12 14:46:38,accepted
12,241,9,,Feel dark.,"Detail apply star onto.
Yard sense heavy him believe yourself. Clear certainly establish.",$100 - $500,2 weeks,2025-04-09,2025-04-21 17:52:55,accepted
13,219,10,,Up prevent business.,"Player determine send reality though eye serious part. Skin check can drug. Worry necessary herself thousand.
Drug sell last read. Culture tough wife marriage area believe.",$100 - $500,2 weeks,2025-07-07,2025-04-11 09:59:39,pending
14,249,2,,Young.,"Structure people old.
Marriage finish others business each east mother.
Stay small behind his everyone. The issue avoid through pretty. Something too above enough bad.",$100 - $500,2 weeks,2025-04-05,2025-02-23 15:45:13,rejected
15,126,10,,Himself property surface.,"Main father dog on community kind dinner public.
Project meet by reveal carry. State report agency region risk.
Front officer a mind size. Good human late American impact.",$100 - $500,2 weeks,2025-06-27,2025-07-04 16:33:11,accepted
16,299,6,,Stage human.,"Eight argue ready involve first site partner. Have bag movement itself rule.
Whatever street play office mission. Back writer tree. Throughout baby allow.",$100 - $500,2 weeks,2025-05-20,2025-01-13 01:13:24,accepted
17,238,8,,Fish skill remain.,"Every member theory husband often. Information customer effect food new former recently.
Argue material ask research face. Wonder travel middle soldier election later later.",$100 - $500,2 weeks,2025-06-27,2025-01-23 10:38:49,pending
18,89,3,,Wife Mrs college skin.,"Leg Mr she attorney fear. Turn may brother cultural Mrs.
Threat and student off never. Coach hotel seem individual.",$100 - $500,2 weeks,2025-03-18,2025-04-05 07:49:31,accepted
19,284,4,,Interesting rock.,"Threat perform so produce phone left right reality. Use others reality often.
Return with down thought media look late. Goal four everyone medical field. Box positive instead me.",$100 - $500,2 weeks,2025-06-29,2025-06-03 22:29:33,pending
20,129,3,,Book great.,Now trip range always thousand carry. Building side kid argue. Win structure fear benefit or turn.,$100 - $500,2 weeks,2025-03-05,2025-03-25 01:59:43,rejected
21,4,2,,Billion new.,"Partner meeting him behind. Early test action social foot turn ground. Ability mouth often dream ok cold.
Executive third back expert pull relationship pass. Attack risk stock eye offer analysis.",$100 - $500,2 weeks,2025-03-02,2025-03-17 16:00:28,accepted
22,203,8,,One assume.,"Morning provide be themselves. Music prevent nor you. White place see rock story ask set.
Never mention art interest peace.
Left range anything. Show successful happy party while would.",$100 - $500,2 weeks,2025-03-19,2025-05-23 01:33:43,accepted
23,10,1,,Positive information.,"Boy believe research word. Member special front space section.
Relate leader stage environmental forget. Friend have capital. Party series fund.",$100 - $500,2 weeks,2025-06-13,2025-01-24 22:31:55,accepted
24,179,3,,Human sea.,"Girl owner store. Media small accept act happy try.
Price dinner across perform campaign even administration. Management produce main maintain Congress.",$100 - $500,2 weeks,2025-05-27,2025-05-03 03:34:43,pending
25,12,3,,Create choice.,"A information side claim onto. On discuss lot evening understand air.
Baby ask move government.
History type physical world. Statement local able almost. Perhaps eight news sing seem.",$100 - $500,2 weeks,2025-02-27,2025-04-13 20:06:25,rejected
26,276,3,,Accept condition TV.,The letter space loss be. Material research talk put environment five. Prepare case outside relate great sure reason.,$100 - $500,2 weeks,2025-07-05,2025-05-25 03:43:12,rejected
27,252,10,,East act opportunity happy.,"Entire increase cultural. Five often computer. Plant station get figure stuff drop.
Drive clearly process anything. Economic if kind stay.",$100 - $500,2 weeks,2025-01-20,2025-01-01 15:14:43,pending
28,206,1,,Job course.,"Film determine marriage economic. Together however page public forward listen.
Financial some thought. Give price interest value wrong center prevent.",$100 - $500,2 weeks,2025-03-17,2025-03-21 03:07:11,accepted
29,242,5,,Industry well rise.,Near red peace health personal boy result. Interest center agreement. Six forward example. Receive drive make much provide claim.,$100 - $500,2 weeks,2025-04-09,2025-03-07 05:37:46,rejected
30,57,10,,Oil piece five word.,Whole best door difficult. Hair wind quality magazine run data. Rather visit impact four spend dream.,$100 - $500,2 weeks,2025-04-12,2025-06-04 12:47:39,accepted
31,113,5,,Eye name.,"Effort world professional movement sit federal born. Price class necessary ago too recent table.
But amount class force adult. Guess near actually figure during go child.",$100 - $500,2 weeks,2025-01-24,2025-06-28 08:48:05,pending
32,26,10,,Baby minute tend.,Then decade light become politics summer. Read last for raise.,$100 - $500,2 weeks,2025-03-29,2025-06-27 15:58:42,pending
33,35,1,,Four one southern.,Floor full perform majority its capital. Be energy response fact buy group. Voice form film response.,$100 - $500,2 weeks,2025-05-01,2025-01-12 02:18:29,accepted
34,69,2,,If.,Call under huge sure hit shake. Paper it hour collection.,$100 - $500,2 weeks,2025-01-13,2025-03-16 07:20:59,rejected
35,54,4,,Smile medical.,"Four stay let outside. Out care democratic add.
Avoid without fall pull. Region account conference step. Body large thus inside minute bank.",$100 - $500,2 weeks,2025-05-24,2025-06-15 15:39:56,rejected
36,254,3,,Several me.,"Structure open environment series. Technology mission staff human remember administration.
Step agreement give major radio able. Music son side huge little accept.",$100 - $500,2 weeks,2025-04-13,2025-04-17 09:14:44,accepted
37,175,3,,Happy then.,"Along responsibility image. They none town activity power wall throughout. True small day try.
School surface fast letter behavior. Open start order teacher society. Family right any huge fine own.",$100 - $500,2 weeks,2025-02-21,2025-01-17 09:20:06,accepted
38,244,6,,Traditional service.,"Throughout positive significant. With within world human state. Analysis over avoid natural wonder. Deep story when.
Good poor hear because. View seat may player life.",$100 - $500,2 weeks,2025-04-09,2025-03-14 10:43:45,rejected
39,89,7,,Anyone type.,"Consumer respond economic probably cause study.
Hand top effort quite ago artist. Officer doctor thing account attorney. Notice free gun cold safe arm.",$100 - $500,2 weeks,2025-05-03,2025-05-31 08:25:12,accepted
40,107,3,,Simply detail stop.,Reveal hold say road consumer. Upon company site result heavy.,$100 - $500,2 weeks,2025-01-08,2025-04-11 06:42:07,rejected
41,124,10,,Want evening.,"Black check remember picture law live just. Fill decision pretty throw than everyone final firm.
Social training add seem. Social nice others.",$100 - $500,2 weeks,2025-02-11,2025-04-30 15:55:01,pending
42,49,5,,Light certain.,"Fill approach cover task. Item plan spring ahead current. Individual left every claim.
Hear year morning money effect fund. Person writer production.",$100 - $500,2 weeks,2025-05-25,2025-03-13 20:01:50,rejected
43,124,9,,Happy want three.,"Tonight challenge with theory young want alone. Focus catch pretty door.
Walk who war beautiful. Foreign cost give one month director someone. Relate deal imagine policy study perform.",$100 - $500,2 weeks,2025-01-09,2025-02-05 05:33:39,pending
44,104,3,,Require ready month.,Song young set movie travel modern behavior. Put nearly him officer perform ten red between. Letter major year carry.,$100 - $500,2 weeks,2025-04-07,2025-02-21 18:55:22,rejected
45,147,9,,Wear decide red.,"Arm parent everybody pass news. Kitchen wonder whatever.
Above must investment role mouth hope quite way. History senior interview group magazine. Success often heavy these.",$100 - $500,2 weeks,2025-04-04,2025-01-07 08:35:06,rejected
46,233,1,,Too set time.,Many science about life different wear call. Reduce left leave small value western. Number least affect whose security grow human baby.,$100 - $500,2 weeks,2025-03-11,2025-05-08 11:48:10,rejected
47,258,4,,When customer take.,"Change woman lot see. Send record seek year statement order similar. Pick federal among food.
Drop any commercial security indicate power strong. Service marriage start.",$100 - $500,2 weeks,2025-05-02,2025-01-08 05:43:15,accepted
48,292,7,,Finally fish example.,Whole mind rise agent. Part what per send even song individual. Security respond actually capital strong hope less.,$100 - $500,2 weeks,2025-01-07,2025-03-16 16:41:53,pending
49,125,5,,Will white here.,"Ever summer certain answer answer return. American large similar prove already. Area anything security professional.
Entire about so news policy exist. Mention month throughout face heart college.",$100 - $500,2 weeks,2025-05-13,2025-06-09 23:56:52,pending
50,208,3,,Citizen occur.,"Quality street attention name. Author item man.
Reveal message clear draw people why. Tax moment main another exactly. Miss just charge hit table.",$100 - $500,2 weeks,2025-04-08,2025-02-02 16:53:23,pending
51,256,5,,So learn.,"Her change fact serve determine analysis actually future. Project fall decide.
Performance force risk clearly. Act store bed ask seem. Foot whole court miss phone everybody.",$100 - $500,2 weeks,2025-03-10,2025-03-26 12:00:13,pending
52,177,1,,Role owner.,Effort less lay story candidate. Article pattern alone sure white onto person.,$100 - $500,2 weeks,2025-01-22,2025-06-24 00:29:13,pending
53,15,7,,Property firm include.,Loss information product which current. Exist hard name yourself want before character machine. Budget yourself help position.,$100 - $500,2 weeks,2025-02-25,2025-04-06 18:46:43,pending
54,161,1,,Especially activity.,There property part total none. Return right machine right could must continue. Top happen right why body big anyone. Begin if skill first cell them hit.,$100 - $500,2 weeks,2025-03-25,2025-03-31 13:33:17,pending
55,186,5,,Ground concern I wife.,"Character according lot leg. Month job produce its president.
End return work skill become matter together. Research reach language partner leader.",$100 - $500,2 weeks,2025-05-12,2025-01-25 19:48:31,pending
56,272,3,,Capital simple.,"Establish manage recent once. Responsibility future I dog tree perhaps wait focus. Lawyer remember personal.
Three leg growth plant system toward source force. Ball should president head information.",$100 - $500,2 weeks,2025-03-03,2025-02-25 05:45:08,pending
57,299,7,,Such effect.,"Religious before ground body though. Entire answer reflect three realize. Heavy ready federal show. Identify include admit indicate.
May ready cell. Million them some identify trial.",$100 - $500,2 weeks,2025-06-14,2025-04-08 08:28:09,rejected
58,200,1,,This difference challenge push.,Bar take Mrs letter local report skill. Ready citizen because seven finally north writer enough. Make now way stand.,$100 - $500,2 weeks,2025-02-05,2025-06-13 03:10:52,rejected
59,46,3,,Grow employee chance traditional.,"Enough attack child. Appear east which animal.
Main final must play should hair though. Hold after piece.
Free probably star radio receive go. Push better them kind media out position.",$100 - $500,2 weeks,2025-05-04,2025-01-20 10:54:00,pending
60,159,9,,Father box guess off.,Cost side attack instead finish. Help couple reach may. Last international wind type reason world however. Husband project bed gun way themselves show.,$100 - $500,2 weeks,2025-06-21,2025-06-23 10:06:41,rejected
61,164,7,,Federal dinner.,Training my we family Republican factor. Really his coach middle cause three. Important successful mother she crime husband role.,$100 - $500,2 weeks,2025-03-18,2025-05-25 02:34:02,accepted
62,259,2,,Close indicate miss.,Threat build lay road significant. Instead score strategy type ask. His anything meeting source choice relationship yet. Fish chance page way arm deal add.,$100 - $500,2 weeks,2025-02-24,2025-02-19 05:57:39,rejected
63,126,1,,Store moment window.,"Music keep red although or development about. Establish early thank local.
Pick deep along all. Only half range bank lawyer several simply. World help official teacher add year meeting.",$100 - $500,2 weeks,2025-01-01,2025-02-07 10:31:50,rejected
64,138,3,,Appear material.,"Chance collection open appear mean form. Another full provide pay black.
Ok black bar baby positive boy and crime. Court possible person generation decide check. Big year ahead be society.",$100 - $500,2 weeks,2025-06-06,2025-04-17 22:00:27,pending
65,275,7,,Leg when.,Miss spend arrive minute claim pick song. Beat development figure herself. Behavior few look president fall serious.,$100 - $500,2 weeks,2025-05-19,2025-02-24 16:45:28,pending
66,198,8,,Task office.,"Cut allow continue hold. Better wind tough organization Congress son. Author yes close onto way.
Road fly population less near. Public pull area sign special.",$100 - $500,2 weeks,2025-03-27,2025-05-05 05:20:58,accepted
67,68,7,,Director item according.,"International third right song development take.
Customer with between point them use medical. Chair benefit defense table stand gun federal statement.",$100 - $500,2 weeks,2025-07-08,2025-02-02 22:59:43,rejected
68,51,4,,Begin training whose.,Million class point history president must. Character can present alone scientist like attack. Individual a bring common black allow.,$100 - $500,2 weeks,2025-06-22,2025-04-01 22:32:42,accepted
69,176,7,,Religious anything someone.,"Able computer one nor risk even. Property various front move garden. Production us let.
Throw hope Mr sometimes condition medical model. Then financial prepare agree by. Leader gun again weight.",$100 - $500,2 weeks,2025-07-07,2025-04-25 12:07:29,rejected
70,270,10,,Tree indeed.,"Camera family past key role effect. They specific modern hold. American plan sure.
Establish safe approach front.",$100 - $500,2 weeks,2025-02-06,2025-04-04 12:23:59,accepted
71,269,3,,Need including.,Identify room positive reflect eat. Growth most guess central. Final agent lose Congress build.,$100 - $500,2 weeks,2025-05-10,2025-03-27 22:34:27,pending
72,243,1,,Imagine participant action.,"Free red mention. Everything glass as partner. Affect impact environment on lead.
Cover own short thing cost operation near. Shake at final state opportunity president lead laugh.",$100 - $500,2 weeks,2025-04-19,2025-07-01 12:15:48,pending
73,259,1,,White buy allow.,Real claim read face interesting while letter. Market record project inside believe economic build. Catch grow science believe. Fill style statement politics nearly little.,$100 - $500,2 weeks,2025-05-06,2025-01-03 01:20:23,pending
74,95,8,,School poor everybody.,"Product no various. Guess against people home.
After start summer prepare itself bill culture. Yard situation simple story chance although. Factor fall blood ago thing. Win best full take represent.",$100 - $500,2 weeks,2025-01-09,2025-05-25 22:10:28,pending
75,62,5,,Key.,Guess officer vote score. Offer feeling drug final season. Expert family behind human happen can. While act stuff all pretty.,$100 - $500,2 weeks,2025-06-27,2025-03-22 12:21:58,accepted
76,40,7,,Large long.,"Long camera evening generation notice store. Class sport carry society eight. Able city every image.
Community two individual. Follow ago just adult why democratic medical.",$100 - $500,2 weeks,2025-01-27,2025-04-02 13:35:37,rejected
77,281,5,,Case size.,"Nor option a total. Standard base six stand really pay window would.
Option off class break.
Gun lose station. White protect situation guy. Mother number leg. Perhaps high improve able language upon.",$100 - $500,2 weeks,2025-01-30,2025-04-10 08:37:29,pending
78,128,3,,Participant its late.,Offer enough concern reason ahead. Enough new enough message. Machine lay situation daughter beautiful nation firm.,$100 - $500,2 weeks,2025-01-24,2025-01-26 00:16:59,accepted
79,243,3,,Parent issue give.,"Republican leader them speak role. Official site debate she cold strategy quite. Career road no tax.
Almost sign everyone us Democrat. Part name probably camera blood surface boy.",$100 - $500,2 weeks,2025-05-11,2025-03-08 02:02:07,rejected
80,170,9,,Support.,Huge push bad century specific. Lead expert approach my rise small explain blue. Cultural trouble order ahead who at property.,$100 - $500,2 weeks,2025-06-30,2025-06-18 08:22:01,pending
81,299,8,,Responsibility return.,Such but possible address look. Address we indeed specific bag learn medical dark.,$100 - $500,2 weeks,2025-01-24,2025-03-10 20:48:11,pending
82,61,1,,Street onto sense.,"Almost green baby set data. Officer concern without agree wait boy.
Discuss seven economic road cell black. Although almost military. Or leader late again question military dog.",$100 - $500,2 weeks,2025-03-20,2025-03-04 00:34:44,accepted
83,141,4,,Nation sure.,"Exactly inside again catch executive matter admit. Down well read policy book. Data everything many top.
Increase system necessary what federal also available. Too stage hotel company.",$100 - $500,2 weeks,2025-04-10,2025-06-18 22:25:45,rejected
84,280,3,,Age still.,Her federal baby friend movie pressure voice. Popular only them interview your break music rest. Others future business until mean although become.,$100 - $500,2 weeks,2025-01-22,2025-05-12 20:30:30,rejected
85,249,4,,This local thousand.,"Night tree dream which.
Miss perform data attention. Professional outside natural camera like station.
Ever day strong up process use research. Though for off glass wonder hear.",$100 - $500,2 weeks,2025-04-12,2025-02-17 19:21:55,rejected
86,109,9,,Opportunity view population.,Control off evening Mrs. National sometimes foot next hospital small mother talk. Debate stand would hotel mind discussion see. Center check sense allow.,$100 - $500,2 weeks,2025-06-02,2025-05-19 17:44:02,rejected
87,2,5,,Authority task six.,"Herself themselves chair question shoulder since feel. Choice method door trial yeah.
See include effort garden wide. Must put mind product. Age high first long during.",$100 - $500,2 weeks,2025-05-05,2025-06-05 04:33:24,accepted
88,102,6,,Summer former design.,"Enter provide indicate Republican. Question hour bring candidate society.
Its story think manager leader rule. Sometimes hour memory central stand kitchen ready.",$100 - $500,2 weeks,2025-01-08,2025-07-07 23:52:14,rejected
89,98,6,,Thousand popular.,"Carry she design this knowledge far. Bit mouth push face. Enough follow early through.
Son team beyond impact cut.
Begin conference enjoy light local money.",$100 - $500,2 weeks,2025-03-03,2025-05-03 21:04:38,rejected
90,155,6,,Kid high church.,Evidence democratic develop trade. Animal we significant outside everything organization need. Purpose his health market realize.,$100 - $500,2 weeks,2025-05-30,2025-06-07 05:56:45,accepted
91,208,8,,West in.,"Assume might physical answer play speech. Over onto rest none character service. Commercial garden federal whether over.
Wind study area order discover. Glass raise coach very newspaper idea.",$100 - $500,2 weeks,2025-03-28,2025-06-04 00:53:17,accepted
92,11,5,,Send mean.,Agent son public than home. Defense city community across across. Yet analysis bad could pick computer relate. Rock book grow pretty might.,$100 - $500,2 weeks,2025-03-02,2025-01-28 22:05:08,accepted
93,75,9,,Produce section in.,Contain plan four. Experience arm PM.,$100 - $500,2 weeks,2025-04-02,2025-01-08 15:08:18,rejected
94,125,10,,About use.,Region minute listen color its former model. Film level loss make development nature four strategy. Early live require break audience difference idea run.,$100 - $500,2 weeks,2025-04-01,2025-01-03 21:11:40,pending
95,39,5,,Notice he responsibility take.,"Stage authority prove network produce serve.
I them and set. Board what alone.
Always bank most along. Home professor at.",$100 - $500,2 weeks,2025-01-23,2025-03-17 11:24:04,rejected
96,60,2,,Prevent option five.,"Boy new lay. Yet total house other want act under. Have event whatever could.
Seat most hand painting science recognize recently. To pay consider over affect end manage. Nice remain deep room.",$100 - $500,2 weeks,2025-04-01,2025-03-22 08:51:29,rejected
97,206,3,,Task again place.,"Impact room worker sit. Sea trade teach town word approach. Truth school the to sort.
Machine enter society fly. Nearly open operation be all interest blood. Moment just certainly instead physical.",$100 - $500,2 weeks,2025-01-01,2025-04-17 20:57:13,pending
98,176,9,,Purpose law.,"Act test fine lose lawyer wide must. Not old many if once present foot paper.
Recognize tree above different. Player population either stand common could.",$100 - $500,2 weeks,2025-04-30,2025-02-05 13:20:00,rejected
99,98,5,,Cost respond policy.,Sign reach southern beyond southern room bill. Word technology thousand would well stock. Quickly figure guy cold party author.,$100 - $500,2 weeks,2025-06-27,2025-06-18 15:47:32,rejected
100,287,4,,Woman big.,Measure billion travel fire instead. Site performance early. Measure everything mother analysis first join night ahead.,$100 - $500,2 weeks,2025-05-07,2025-03-01 15:57:31,pending
101,210,4,,Address feel.,Thousand majority professor good hear. Enough beat item my military attack myself remember.,$100 - $500,2 weeks,2025-06-21,2025-01-25 07:27:48,rejected
102,34,6,,Check civil.,Economic something notice evening easy result interesting. Number pay pay painting region. More outside assume fight economic leg up.,$100 - $500,2 weeks,2025-01-14,2025-04-07 05:13:50,pending
103,56,2,,Baby single.,Yourself window eye need guy. Money market tonight door message image condition better. Seek set which else including.,$100 - $500,2 weeks,2025-03-22,2025-01-28 09:37:40,rejected
104,227,2,,We treat agency.,"Person room either lot career develop. Store anyone after happy air social.
Finally parent board. Artist follow he one hand. Hope half religious red Mrs size. Less realize bill entire also so build.",$100 - $500,2 weeks,2025-01-09,2025-06-01 14:56:09,accepted
105,273,3,,Walk its.,Cut identify big another free. Season international four hour red maintain. Serious focus morning late. Determine think technology line away care.,$100 - $500,2 weeks,2025-03-30,2025-01-21 04:45:20,rejected
106,36,2,,Role attorney stock.,Present once down authority professional executive station. Parent difficult believe evidence beautiful area baby. Sense best green management bill.,$100 - $500,2 weeks,2025-07-03,2025-04-20 18:26:12,pending
107,274,3,,Thought piece.,"Gas eye occur. Just everyone staff finish. Campaign court under field Mr push debate.
Billion social agreement remember. Fine if make far main hundred.",$100 - $500,2 weeks,2025-01-15,2025-01-11 21:32:56,accepted
108,113,4,,That wonder.,"Then election offer staff American level unit. Current place my approach.
Meeting how daughter artist member. Marriage car of head space. Truth special ground pass nor.",$100 - $500,2 weeks,2025-04-17,2025-01-18 09:02:50,pending
109,145,2,,Administration personal.,"Pm wind fact politics method. Travel answer husband class help skill world.
Hair nature work collection. Open appear their argue finally.",$100 - $500,2 weeks,2025-04-17,2025-04-11 04:55:17,accepted
110,219,6,,Huge data bad.,"Role term leg air a. Talk wish director citizen page.
Pick over consumer before subject building food. Skill surface ball vote meet age find subject.",$100 - $500,2 weeks,2025-05-06,2025-01-28 09:10:47,accepted
111,274,5,,Even pretty on.,Claim threat soon window morning apply nation. Since major trade fund choose purpose. South say market moment office present her difference.,$100 - $500,2 weeks,2025-04-03,2025-06-17 23:54:32,pending
112,116,3,,Information third campaign.,"Believe win white drive report rich. Behind energy mouth ask source. Subject project tell investment use.
Agency name just. Sound argue every theory everybody.",$100 - $500,2 weeks,2025-04-03,2025-01-26 10:37:50,pending
113,238,6,,Better with arm.,"Lay region ago. Soldier affect surface decade his nearly. Full attack window book.
Success current discuss how. Clear figure father site long street. Role now individual accept.",$100 - $500,2 weeks,2025-04-16,2025-04-29 23:12:22,pending
114,272,6,,Capital once.,"And loss society case stop partner. Note once consumer past child store huge.
Line law get stuff almost form. Child low art another stuff stand. Peace there listen help.
Somebody sort long.",$100 - $500,2 weeks,2025-02-15,2025-01-09 19:21:43,rejected
115,171,3,,Outside city.,"Open wish summer shake car model mother. Because truth wind reality top available.
Floor than into. Church tree risk. Certain protect establish.",$100 - $500,2 weeks,2025-06-19,2025-05-11 14:52:33,accepted
116,270,6,,Box easy great heart.,"Wife mean glass need turn her. Blood my throw must sea center practice particular.
Cup political rest collection argue trouble. Especially benefit bad dinner early.",$100 - $500,2 weeks,2025-02-19,2025-03-12 21:09:27,accepted
117,189,6,,Beat after kid.,Window some clearly big follow soon game play. Perform difference new police movement new. Research yard late argue school myself stop responsibility.,$100 - $500,2 weeks,2025-04-29,2025-07-07 19:29:07,rejected
118,149,5,,Main tough on about.,"Could occur each news red. Management paper next big throw meeting.
Appear make late writer specific major score office. Lawyer stay again.",$100 - $500,2 weeks,2025-02-06,2025-05-14 19:52:31,rejected
119,200,2,,Star from month.,There woman these machine watch gun. Spring technology race seem local majority several. Could point must yard until.,$100 - $500,2 weeks,2025-06-22,2025-05-29 13:08:59,rejected
120,145,4,,Tough difficult vote.,"Play stay fine continue. This marriage pattern small church even under.
Talk tend six.
Company science rather. Leave oil do fact. Evidence receive away boy interest.",$100 - $500,2 weeks,2025-01-11,2025-05-17 12:53:26,rejected
121,42,4,,Culture.,"Show audience likely read between big. Moment young perform civil.
Much property position exactly blood. Keep he talk air be born.
Single bad get black. Against beautiful less.",$100 - $500,2 weeks,2025-03-10,2025-02-03 15:49:46,accepted
122,248,7,,Heart chance camera.,"Staff wrong development. Head over but clear.
Her simple fly watch fear. Draw day professional kid attention.",$100 - $500,2 weeks,2025-05-13,2025-04-30 23:36:24,pending
123,202,10,,War turn.,"Right people walk might why quality cell. Up investment national particular home. Wide standard want past item course. Case trial six available ready.
Who water end teach age bill.",$100 - $500,2 weeks,2025-06-14,2025-02-02 13:12:10,accepted
124,76,9,,Machine exist force.,"Court tax body three more imagine director.
Trip reduce stock mother range take economic painting. Case about which central. World allow everybody.",$100 - $500,2 weeks,2025-06-19,2025-04-29 10:29:47,rejected
125,246,8,,Picture piece well.,"Food same something huge not. Share approach its senior.
Show phone act begin many it. Final could old case bank one. Move bar benefit many could state any.",$100 - $500,2 weeks,2025-02-15,2025-01-20 17:30:26,accepted
126,266,6,,Prove south again.,"Certain political who however.
Some if effect thought culture. Control toward often should.",$100 - $500,2 weeks,2025-04-23,2025-03-28 23:57:58,accepted
127,86,1,,Skill remember.,Suddenly term watch detail interest road. Three ball pretty suggest culture thought energy single. Notice member cultural explain within American why wall.,$100 - $500,2 weeks,2025-01-04,2025-03-13 23:07:12,rejected
128,176,2,,Enough same.,"Career local her message safe maintain physical. Nation tonight either billion management.
Throw behind sea year after. Know attention others hand entire lawyer order.",$100 - $500,2 weeks,2025-02-21,2025-06-16 18:47:42,accepted
129,15,1,,Feel.,"Garden those pressure generation environment firm wait fight. Until store where police course. Street light reflect enter.
Make program whatever half. Over employee ground health.",$100 - $500,2 weeks,2025-03-19,2025-03-26 08:18:18,pending
130,63,4,,Keep.,"Science sound play strategy charge situation someone. Consider attention during home mind bad one.
Partner population institution available. Perhaps something argue share several.",$100 - $500,2 weeks,2025-04-23,2025-03-13 21:40:23,rejected
131,274,5,,Upon reality.,Meet street sure include. Congress occur by tree often however. Government every pay already money station.,$100 - $500,2 weeks,2025-03-29,2025-03-27 02:55:17,rejected
132,11,7,,Production agreement.,Travel difference book. Growth stand culture other maybe fall past. Begin wear for cut strong traditional century.,$100 - $500,2 weeks,2025-04-04,2025-03-19 02:19:15,rejected
133,48,7,,Manager chance.,"Compare memory play son. Probably into network month.
Son skin investment figure person drop then. Personal happen would wonder none course.",$100 - $500,2 weeks,2025-06-17,2025-01-19 16:46:45,rejected
134,129,8,,Administration kitchen piece.,"Third quality nation vote. Paper then cup.
Present than kid employee. Camera onto strategy scientist. Receive social page never.
Gas story hotel these poor better we another. Require notice base.",$100 - $500,2 weeks,2025-06-27,2025-04-16 07:48:10,rejected
135,127,2,,Newspaper same.,Address just wear little major others food. Response thus those study foreign pass.,$100 - $500,2 weeks,2025-03-13,2025-03-08 10:54:37,rejected
136,274,5,,It article.,"Surface nice care.
Party statement report accept after church he. The a deep law light. Rock international computer democratic report focus.",$100 - $500,2 weeks,2025-02-21,2025-05-02 06:07:55,rejected
137,190,5,,Lead personal case fast.,Them include special them enter other single. More those practice environmental sell together listen blue. Send style thought which avoid company. Race well among establish only.,$100 - $500,2 weeks,2025-03-06,2025-01-11 10:01:57,rejected
138,142,7,,Budget never computer.,"Eye matter hear similar consider life of. Poor think seven money night.
Future pattern week around. Detail from middle nature focus car lead.",$100 - $500,2 weeks,2025-06-26,2025-05-10 03:12:38,pending
139,196,10,,Range hold.,"Sport wonder investment happen simple little. Degree that from energy court say product on.
Red rather cut imagine.",$100 - $500,2 weeks,2025-05-16,2025-04-25 08:38:37,accepted
140,259,10,,Give.,"Process class ability. Choice that wide hotel. Grow structure recently trade discover station reason.
Rather explain join. In plant career let suddenly. Question man that treat pay.",$100 - $500,2 weeks,2025-02-16,2025-04-01 19:21:10,pending
141,25,5,,Exist party customer.,"Manager popular agency upon wide pattern their. News else respond than no glass future form.
Draw fact manage house design decide. Act indicate offer ball. Long yes more road whatever.",$100 - $500,2 weeks,2025-06-21,2025-03-13 10:32:35,pending
142,6,7,,Although any.,"Continue trade seek forward expert. Voice wife much.
Threat serve only open prepare skin. During hair building rule each commercial skin star.",$100 - $500,2 weeks,2025-05-30,2025-01-27 17:26:36,pending
143,124,8,,Total especially front.,"Continue American federal management film field American. Account hot item check total bit account work. So operation bank case.
Seem hotel group from. Memory about bag. She truth almost.",$100 - $500,2 weeks,2025-02-12,2025-05-18 14:03:14,accepted
144,63,4,,Significant subject face.,"Cell I news series.
Join late drive growth cause rise try. Summer his speech role deep. Pattern office suffer nation memory professional.",$100 - $500,2 weeks,2025-06-05,2025-07-04 02:17:35,pending
145,201,3,,Ahead effect place.,"Around water analysis then beautiful set kid.
Heart president lay allow major serious new. Although plant home give collection.",$100 - $500,2 weeks,2025-01-23,2025-06-03 21:41:39,pending
146,164,7,,Agree.,Operation large huge you. Design add your begin bad whatever mind. Specific bad process remain research democratic.,$100 - $500,2 weeks,2025-01-09,2025-05-09 06:38:38,rejected
147,7,8,,Song degree.,Agent member seven attorney. Provide across buy group remain. Major there close still interview key. Fine man enter during positive.,$100 - $500,2 weeks,2025-04-01,2025-04-15 20:19:47,rejected
148,1,8,,Yet but game.,From college find position road heart skin.,$100 - $500,2 weeks,2025-06-07,2025-06-13 10:01:24,rejected
149,239,7,,Leader stop.,"Development floor six expect authority. Collection century choose firm. Tree sure among must.
Car win political politics thing suffer. Fire interesting ability month.",$100 - $500,2 weeks,2025-06-08,2025-02-06 18:05:59,pending
150,91,1,,As identify.,"Bad huge agree new. Hand party the way fill performance physical.
Level study half Republican child. Who structure strategy nor. Painting firm activity member certainly compare change.",$100 - $500,2 weeks,2025-01-27,2025-01-26 14:10:35,accepted
151,239,4,,Laugh play appear.,Capital skin detail adult play school. Picture son government impact marriage usually hour reflect. Never today western for consumer century plant.,$100 - $500,2 weeks,2025-04-26,2025-01-25 22:13:09,pending
152,14,9,,Some including minute.,"It long against practice administration learn similar. Scene represent by table leg how.
Amount skin series on right star. Water perform new development.",$100 - $500,2 weeks,2025-07-01,2025-01-17 14:07:02,rejected
153,159,9,,Rise nor nature.,Realize Mrs establish skill. Someone international wind see also suddenly baby.,$100 - $500,2 weeks,2025-01-26,2025-06-19 23:25:11,pending
154,24,10,,Kitchen.,First to join house. Option recent any owner nor.,$100 - $500,2 weeks,2025-01-26,2025-01-04 11:03:59,pending
155,70,5,,Provide huge.,"Behind forget sister put so. System thing set long become cost fast.
Modern child Mrs father.
Color represent teach daughter season author us. Federal new fact reflect.",$100 - $500,2 weeks,2025-03-10,2025-02-11 10:13:43,accepted
156,83,7,,Between child kid.,"Large any continue time position citizen.
Despite relate particularly shake understand. Chair always across analysis oil.",$100 - $500,2 weeks,2025-03-28,2025-01-31 22:53:19,accepted
157,298,6,,Help see marriage report.,Mean put son age record other when good. Child mission spring. Thought minute pick hear meet. Behavior special personal condition.,$100 - $500,2 weeks,2025-06-15,2025-01-24 04:38:33,accepted
158,246,1,,Trade job bill.,"Interview million improve during century step. Within item remember task ten. Teacher listen tend moment these foreign.
Line main various TV two close hundred. Beat course two glass.",$100 - $500,2 weeks,2025-03-29,2025-03-22 09:44:19,pending
159,294,10,,Color small item.,"Play image organization while old south here.
Activity democratic together firm whose me. Whether far leg despite image same.",$100 - $500,2 weeks,2025-01-26,2025-06-11 06:04:17,accepted
160,256,1,,Art.,After without join analysis there. Majority woman floor into fish rise rock them. Even stock whose bad green cup.,$100 - $500,2 weeks,2025-04-02,2025-05-12 22:14:10,rejected
161,47,3,,Relationship skill.,"School cup every inside. Bar own happen say same single.
Customer point major month. Create few head even recent open.",$100 - $500,2 weeks,2025-04-08,2025-01-27 06:40:14,pending
162,140,4,,Avoid traditional.,Exist worker support garden live key south election.,$100 - $500,2 weeks,2025-07-08,2025-06-10 18:51:05,accepted
163,17,3,,Yes then.,Animal leave three. Art race garden month along thing. Generation industry nice travel property.,$100 - $500,2 weeks,2025-05-06,2025-01-10 03:19:09,accepted
164,26,4,,Even imagine.,"Outside brother everything thank someone. Nice themselves anyone program parent.
Serious write my. Claim analysis side two. Member national visit within.",$100 - $500,2 weeks,2025-02-04,2025-04-10 01:55:47,rejected
165,264,6,,Nation clear.,"Eye certain less difficult wide require. Citizen focus Congress.
Help daughter pay despite check represent newspaper. Security loss protect speech.",$100 - $500,2 weeks,2025-01-20,2025-02-24 18:16:12,pending
166,177,8,,Stuff idea already.,"At could almost early player commercial popular. Anything mean leader.
Court subject remember statement man able. So wide certain very how modern. Face group however.",$100 - $500,2 weeks,2025-04-17,2025-06-02 23:38:25,accepted
167,260,9,,Body keep street.,Position theory determine best but green. Worker movement into couple history ahead.,$100 - $500,2 weeks,2025-03-25,2025-02-11 05:24:37,rejected
168,134,4,,Dog it who.,"Economy final scene. Politics decision Mrs argue along discover. Agree poor purpose increase back run far.
Whom cold out region must. Field national society campaign.",$100 - $500,2 weeks,2025-02-21,2025-02-06 21:22:48,accepted
169,284,3,,Professor fine.,"Across class miss against manage bit college. Herself meet kitchen follow.
Debate put evening popular family art sit. Break thing international security role eye speak up.",$100 - $500,2 weeks,2025-02-09,2025-01-24 02:40:26,accepted
170,102,9,,Community court soldier.,Democratic candidate situation answer course. This ask operation do. Coach without by. Doctor poor thing country opportunity determine natural.,$100 - $500,2 weeks,2025-03-19,2025-05-02 15:12:22,rejected
171,183,2,,Commercial night.,"Whether if heart make. Poor raise it strategy cup. Push career sure.
About particular TV style. Pay mean moment night.
Wife toward one dog. Suddenly keep officer keep better.",$100 - $500,2 weeks,2025-01-06,2025-01-20 04:15:05,accepted
172,129,5,,Themselves usually.,"Hotel example building.
Close blue movie field situation grow. Sport same painting. Democrat deal no. Congress need tough tend great however.",$100 - $500,2 weeks,2025-01-24,2025-07-01 23:44:43,accepted
173,180,1,,Fund possible.,Member never stock black month help share. Player successful piece air. Race explain number word information. Owner man expect place large.,$100 - $500,2 weeks,2025-03-07,2025-06-19 16:55:57,accepted
174,209,8,,Real.,"Put face size family voice. Court positive nearly unit guy.
Later above offer all lawyer American. Live over chair near national marriage nearly.",$100 - $500,2 weeks,2025-04-13,2025-06-03 07:48:23,accepted
175,28,1,,If wall hotel.,Some care yourself outside receive impact them. Draw hundred wait believe relate.,$100 - $500,2 weeks,2025-01-25,2025-06-29 23:07:20,pending
176,102,7,,Pull page medical.,"Television around save body speech move. Growth total community.
Occur each history official source.",$100 - $500,2 weeks,2025-01-30,2025-03-28 05:54:33,rejected
177,30,10,,Difficult its.,"Medical history perform talk past. Daughter memory whether. Clear course ahead edge change mother television.
Grow coach conference prevent meet since.",$100 - $500,2 weeks,2025-06-22,2025-04-21 06:13:23,pending
178,154,10,,Doctor approach yard.,"Road billion rest among. However inside over picture.
Life to process piece throughout.
Expert minute president project. Only need southern movement describe their would.",$100 - $500,2 weeks,2025-03-16,2025-05-16 07:32:35,rejected
179,84,7,,Home your.,Customer rest truth court reason interview become. If figure allow. Economy threat lead both both.,$100 - $500,2 weeks,2025-03-07,2025-04-21 20:19:09,rejected
180,255,7,,Rock whom response.,Alone risk west take go. Song leader skill official. Glass put such we campaign sea.,$100 - $500,2 weeks,2025-01-21,2025-06-23 09:45:04,rejected
181,249,3,,Officer.,"Audience meeting need least environment during play.
Base fire seem story language see far. Far grow material time reveal free. Yeah stock simple particularly modern mission.",$100 - $500,2 weeks,2025-04-22,2025-06-23 14:07:35,rejected
182,286,8,,Final final operation.,Eight some rise police put size feeling. Hotel through type since floor official despite art. Site wait health magazine fine individual. Suggest cover enter walk fly.,$100 - $500,2 weeks,2025-01-05,2025-04-26 13:41:58,rejected
183,142,7,,Director fight.,Lay at career green music detail consumer price. Inside require herself behind arrive contain oil.,$100 - $500,2 weeks,2025-01-19,2025-04-09 19:55:21,pending
184,241,7,,Hit movie prepare laugh.,These trip fall. Wear other draw call age choose top. Language nor particular old.,$100 - $500,2 weeks,2025-06-17,2025-03-19 07:46:39,pending
185,88,5,,Table possible.,Summer doctor I author. Another experience dinner whole wrong. Identify too political each. Effort improve sort second.,$100 - $500,2 weeks,2025-04-25,2025-05-03 21:49:27,accepted
186,15,10,,Teach although daughter tend.,Two later foreign glass fear. Off business but shoulder into style.,$100 - $500,2 weeks,2025-02-25,2025-06-23 22:57:44,rejected
187,73,8,,Less word.,Add whom education success eat various art. Set certainly bag truth almost those.,$100 - $500,2 weeks,2025-06-12,2025-01-27 23:22:10,pending
188,88,7,,Care campaign.,"Including pass Mr popular analysis late side. Ahead per view stand.
Discover education degree can great floor town. Agent they deep help. Still not run prepare suffer side.",$100 - $500,2 weeks,2025-01-15,2025-05-29 11:14:37,pending
189,252,2,,Or already game.,Nice night material explain send. Bed position well. Join power many recognize. Next and perhaps speak throughout protect already fund.,$100 - $500,2 weeks,2025-01-13,2025-01-25 20:14:32,accepted
190,254,5,,True among.,"Eat question perform tend window do participant. Mission sing traditional owner recently. Follow research word finish wonder.
Subject level not energy. Her anything start goal.",$100 - $500,2 weeks,2025-06-10,2025-02-11 23:56:54,accepted
191,266,5,,Establish off billion enjoy.,Successful them nothing always anything. Water reason visit beat. Everyone agreement kind author help environment various such.,$100 - $500,2 weeks,2025-05-16,2025-05-07 11:37:49,accepted
192,267,4,,Name former bag let.,"Recently example today trade forward. Because minute thousand wide talk rate.
Site room into dark decision bar deal law. Record final at sea admit certain group.",$100 - $500,2 weeks,2025-02-08,2025-05-24 20:33:36,rejected
193,18,4,,Easy approach.,"Hard democratic suffer however world Republican cover their. Hand although week consumer direction trip.
Scientist expert cold certain decade behavior. Could response image speak behind onto down.",$100 - $500,2 weeks,2025-01-11,2025-06-09 10:40:10,accepted
194,49,8,,Rest sister better produce.,Thing side man mission discuss no. Program game experience force hand military fight capital. Pm former writer loss.,$100 - $500,2 weeks,2025-01-16,2025-01-04 06:07:22,rejected
195,76,2,,Level now.,Decision guess within. Standard we day close require base. Theory forward a race care line.,$100 - $500,2 weeks,2025-01-20,2025-04-17 01:25:52,pending
196,145,6,,Cost better from price.,"Good newspaper baby clear significant number it. Throw billion speech common by.
News wrong certain full.",$100 - $500,2 weeks,2025-06-01,2025-04-25 18:50:23,rejected
197,297,1,,This particularly.,Appear person together. Simple wall single decision. Whole idea day generation manager eye.,$100 - $500,2 weeks,2025-04-17,2025-07-02 01:49:30,accepted
198,53,3,,Industry success.,"Example above table western raise meeting. Black music sister a school. Soldier at lead hear this.
Strategy real show trial best glass. Modern similar over themselves true majority. Most rise fast.",$100 - $500,2 weeks,2025-04-19,2025-04-13 15:52:17,pending
199,90,9,,Themselves Congress.,"Night fine human.
Which fear down sign may speech. Grow issue civil.
Term eat hit collection view tell media land. Smile help bill cell.",$100 - $500,2 weeks,2025-06-16,2025-01-02 21:18:40,accepted
200,18,6,,Knowledge test.,Camera myself attorney course whatever view laugh. Need send better group thought. Major final provide ask stay you. Dinner model idea pay door.,$100 - $500,2 weeks,2025-04-06,2025-02-03 06:05:29,rejected
201,135,7,,Realize whose seven.,"Again peace street claim in about. Next owner use a less change.
Level knowledge far condition when consider total. Since environment peace last. Mouth camera truth. Artist lawyer size condition.",$100 - $500,2 weeks,2025-05-22,2025-02-28 22:02:46,rejected
202,117,6,,Moment reflect answer.,"Fire low degree these.
Region relate choose street. Shoulder successful receive where heavy gas with. Second discuss alone describe cut.
Though address personal wall. Brother their well.",$100 - $500,2 weeks,2025-01-30,2025-02-19 06:05:44,accepted
203,99,3,,Bit.,"Way walk certain I shake. Great something family them court certainly million. Language can assume perhaps.
Education ball the state. End space role be theory modern necessary sea.",$100 - $500,2 weeks,2025-01-12,2025-07-07 08:16:59,pending
204,238,1,,Wide sing.,"Above wrong generation certainly service enjoy each. First individual when field personal place allow.
Change similar never organization full shake. Never moment small important improve four.",$100 - $500,2 weeks,2025-04-08,2025-06-21 04:24:48,accepted
205,52,1,,Along choose message.,"Carry deep any both deal other. Government base white performance real well.
They education work class. Usually minute reason.",$100 - $500,2 weeks,2025-03-21,2025-07-03 05:36:14,rejected
206,298,6,,Security value.,"Key front agency democratic. Box later big want budget cut beat.
Defense total thought tax pretty fear. Nature term recent political others state.",$100 - $500,2 weeks,2025-01-22,2025-03-31 20:40:15,pending
207,122,9,,Word read.,Art force simple ten. Defense statement network middle new. Knowledge guess third resource true together must wall.,$100 - $500,2 weeks,2025-07-05,2025-02-23 13:20:35,rejected
208,106,8,,During his leader theory.,Accept teach deep lawyer heavy produce. Upon vote effect simply be significant. Economic employee cold compare federal deal.,$100 - $500,2 weeks,2025-02-27,2025-06-13 01:23:06,pending
209,187,10,,Really person character music.,Minute any same article western. Doctor center million evening dog woman perhaps keep. Eye one measure society sign but TV.,$100 - $500,2 weeks,2025-03-04,2025-03-23 03:23:56,accepted
210,235,3,,While professional.,"Decide toward whatever. Arm memory last top military. Different ago week site range natural.
Red other political. Positive discuss tonight particularly money today car.",$100 - $500,2 weeks,2025-02-24,2025-01-03 19:30:25,accepted
211,300,7,,Its bag.,Weight reality vote economic against water step recently. Heart produce may campaign. Which admit finish bank huge part place.,$100 - $500,2 weeks,2025-05-12,2025-04-15 00:45:30,pending
212,165,2,,Agree garden.,"Foot me space over letter. Value wife poor wide unit responsibility my.
Peace do with professional half. Side will hour law. When bit side yet.",$100 - $500,2 weeks,2025-01-28,2025-05-24 12:29:44,pending
213,189,7,,Worry.,Animal even share which room play one audience. Three trouble over only least least. Hundred cup current water better practice value.,$100 - $500,2 weeks,2025-05-07,2025-03-30 18:52:38,rejected
214,10,6,,Past argue possible.,Expert can arm practice scene rest country.,$100 - $500,2 weeks,2025-01-04,2025-05-31 03:17:14,accepted
215,19,9,,Whose first.,"Energy now act.
Direction long trouble can. Wall agree character present voice more suffer.
Able thank environment modern.
Wife girl range market. Floor nation away use.",$100 - $500,2 weeks,2025-04-01,2025-03-01 17:40:16,pending
216,51,8,,Kid.,"Poor Democrat street describe industry start you describe. Condition time teach your mouth hot. Kitchen bit maintain increase.
High away PM. Still democratic same office.",$100 - $500,2 weeks,2025-01-22,2025-01-10 18:37:10,accepted
217,101,8,,Also wife.,"Cell mouth fine lead laugh particular. Just add in anyone happen. Support anyone start often leave my.
Understand foot sure statement he fund. Adult type true air night lot sport employee.",$100 - $500,2 weeks,2025-01-29,2025-01-04 13:02:15,rejected
218,36,1,,Environmental.,"Citizen never ready hear television these American. State believe spend real.
Option arrive assume father second me form. Size girl life situation. Scene foot its maybe.",$100 - $500,2 weeks,2025-01-03,2025-04-04 10:13:27,rejected
219,256,4,,Must.,Behind toward middle. During site which other. Reason conference important hope phone see everyone.,$100 - $500,2 weeks,2025-07-03,2025-01-17 20:49:56,pending
220,198,1,,Available anything.,Form story example evidence against my interview. Whether during director American item social there. Heavy matter factor thank research sense like among.,$100 - $500,2 weeks,2025-03-30,2025-01-22 04:16:07,rejected
221,191,5,,Anyone news.,"Relationship add owner citizen. Body lose late assume owner. Walk painting early bill none door.
Hit world second. Find open husband. Hit enter leader safe degree care some.",$100 - $500,2 weeks,2025-03-16,2025-06-16 12:18:41,rejected
222,53,8,,Effort born.,Discussion option skin. Office month course away stock lot upon. Food protect gas pick. Seek player fly agree child change every person.,$100 - $500,2 weeks,2025-01-23,2025-06-21 11:41:06,rejected
223,1,5,,Forget pattern everybody.,Form experience cell pressure room discussion leader. Sound experience magazine. Put even most next pretty back.,$100 - $500,2 weeks,2025-04-20,2025-06-19 03:47:09,accepted
224,69,7,,Every dinner man.,Them question respond staff source theory actually. Member dark realize scene thus TV unit. Thing without fly. Speech product team discover say away cut.,$100 - $500,2 weeks,2025-01-02,2025-05-10 17:12:19,rejected
225,212,7,,Office.,"Set model figure blood. Place but age free.
Sometimes late animal reduce. Responsibility study example mission much. Deal rule charge most central early successful.",$100 - $500,2 weeks,2025-04-04,2025-06-29 13:03:23,accepted
226,76,10,,Establish appear for.,"Research above natural could. Minute box certain both north.
Care concern husband laugh stuff really newspaper positive. Family generation great provide keep low plan here.",$100 - $500,2 weeks,2025-05-21,2025-02-11 10:23:58,pending
227,13,2,,Reality treatment.,Team type standard person surface. Reflect gun fine production hand act.,$100 - $500,2 weeks,2025-06-22,2025-02-22 10:42:51,rejected
228,278,8,,Point.,"Newspaper room party often reflect. Leader treat fear yourself project day.
Speech food bed success. Very plant field. Service thus week money.",$100 - $500,2 weeks,2025-07-08,2025-02-15 07:57:19,rejected
229,153,7,,Front result.,"Although region send style response investment. Pass operation choose. Any oil state research.
Training finish box item our alone. Remain light join pull.",$100 - $500,2 weeks,2025-01-10,2025-05-08 17:30:14,pending
230,269,9,,Individual marriage.,"Per soon three close article my. Meet former third nearly economic.
That could out. Build school decade face body onto. Audience remember former less land business.",$100 - $500,2 weeks,2025-05-19,2025-01-06 18:10:21,rejected
231,289,10,,Remember.,"Leave size more war crime dream. Get cost street very never.
And time positive compare. Sister this newspaper recently responsibility successful must recent.",$100 - $500,2 weeks,2025-04-03,2025-05-24 08:38:45,pending
232,201,3,,The recent near every.,Which key book leg there. Student Democrat right discover visit always church.,$100 - $500,2 weeks,2025-01-17,2025-05-07 17:28:33,pending
233,201,1,,Cup experience.,Response bar expert tax region room social. Something account election ready win doctor.,$100 - $500,2 weeks,2025-05-23,2025-02-08 20:37:48,accepted
234,104,9,,They popular involve.,"Course issue save mean future buy start. Cold best government office piece which. Child build themselves project record.
Company to natural indicate. Whose factor sing water during.",$100 - $500,2 weeks,2025-07-03,2025-01-07 05:41:20,accepted
235,42,3,,Economy decide.,"Control sell office of turn. Moment no question realize. Else son second already consumer.
Growth reach who production every possible. I kitchen easy wind.",$100 - $500,2 weeks,2025-05-31,2025-02-16 02:07:20,rejected
236,75,1,,Perform smile security.,Data common long rather could environmental. Character practice camera mind better. Parent family artist modern serious difficult better skin.,$100 - $500,2 weeks,2025-07-07,2025-06-22 17:48:21,rejected
237,273,1,,Air card evening.,"Sense expect college prevent decide forward media head. State use officer ball culture industry leg.
Ago star citizen must. Station employee involve across.",$100 - $500,2 weeks,2025-04-15,2025-07-05 09:17:23,pending
238,19,1,,Pass thought.,"Trouble business condition quickly left begin officer. Lead test expect attorney instead popular.
Relationship quality out same tonight fly. Serve worry city line history seek rate.",$100 - $500,2 weeks,2025-06-10,2025-01-10 16:20:09,rejected
239,171,2,,Term second nothing.,Cover pressure open agent. Interview front trial just table. Shake perform magazine war source compare citizen beat.,$100 - $500,2 weeks,2025-05-10,2025-03-02 12:43:38,pending
240,206,5,,Drive authority police.,"Chair staff stuff again admit he. Sister teacher better walk.
Usually treat finish indeed skin already. Number serious again four.
Half subject manager positive. Film school west yourself bank.",$100 - $500,2 weeks,2025-06-16,2025-02-21 13:34:39,accepted
241,193,6,,Purpose rich.,Partner ever great current full example. Value inside who television plan nearly show.,$100 - $500,2 weeks,2025-01-05,2025-02-07 06:48:27,accepted
242,298,4,,Physical I exist.,"Parent down fast matter bar my.
Large human sea put. Life fine later including. Room store keep activity better which lay.",$100 - $500,2 weeks,2025-03-08,2025-01-14 03:51:27,pending
243,90,3,,Wear would.,Mouth water feel study price foreign. Structure record goal tell your. Thus line reality travel.,$100 - $500,2 weeks,2025-04-01,2025-05-23 04:01:44,rejected
244,44,1,,Again traditional natural.,Citizen a sport cover imagine responsibility make. Build billion claim seat.,$100 - $500,2 weeks,2025-02-22,2025-05-03 02:48:37,rejected
245,43,6,,Space.,"Evening doctor power item me serious. Around by plan itself defense.
Whatever rise allow heavy. Purpose experience place mean single. Black box must including buy.",$100 - $500,2 weeks,2025-04-22,2025-03-05 06:08:02,pending
246,86,8,,Bar mention almost.,"Know evening American structure method painting short. Stay performance adult argue page.
After common fill happen.",$100 - $500,2 weeks,2025-06-02,2025-04-07 18:53:20,accepted
247,205,10,,Try poor.,Special mission within myself customer. If thing ability peace. Box until should knowledge note.,$100 - $500,2 weeks,2025-03-06,2025-01-11 01:21:21,accepted
248,219,2,,Begin paper.,Edge clearly free pressure physical heavy official allow. Director concern avoid democratic. Billion tree subject accept offer house threat.,$100 - $500,2 weeks,2025-04-07,2025-03-06 14:23:50,pending
249,105,5,,Leave yes create.,"Pm century lose your father. Once staff star can adult class.
Imagine hospital he major. Recently manage worker lay save. Return today number determine land bank if movie.",$100 - $500,2 weeks,2025-03-20,2025-06-20 14:13:32,rejected
250,17,9,,Until save.,Learn arrive director capital she international decision. Research often smile forget charge. Sure protect necessary resource college modern like.,$100 - $500,2 weeks,2025-03-14,2025-05-02 03:11:15,accepted
251,188,8,,Home first institution.,Plant never sense week. Market know laugh hope expect feel onto doctor. Movie draw send rise wind short.,$100 - $500,2 weeks,2025-06-06,2025-05-12 04:28:16,accepted
252,251,4,,Player speak.,"Today eat cover word. Do while film himself true under why.
So say however century minute. Fall hour TV operation institution enjoy.",$100 - $500,2 weeks,2025-06-01,2025-05-01 11:42:04,accepted
253,51,3,,Grow call kind agency.,Investment lay dark serious prove prevent buy. Hair research current night wind knowledge never. Be even both above.,$100 - $500,2 weeks,2025-05-27,2025-05-10 03:53:23,rejected
254,106,4,,Evidence let.,"Goal short exactly street list after. Cup during air off oil.
Today group free heart about nearly hair. Job wind scene story.",$100 - $500,2 weeks,2025-07-06,2025-02-01 06:15:41,rejected
255,45,9,,View popular will.,"Daughter figure building.
Dinner set model team newspaper. Life create before effect true want week see.
Only collection hit product situation. Without several wind buy law.",$100 - $500,2 weeks,2025-05-23,2025-04-04 11:27:00,pending
256,66,4,,Scientist color.,"Score choose party they president less first. Agree upon can want process product.
Turn tree edge international street bit try. Yeah quality instead. Gun reach tell drug.",$100 - $500,2 weeks,2025-04-23,2025-06-14 19:34:49,accepted
257,286,8,,Identify agree conference.,"Early book her red knowledge. Allow scientist consider he enough on medical will.
Season might determine see. Bag campaign simple claim. Enter image reflect seven success enough agent.",$100 - $500,2 weeks,2025-01-25,2025-03-17 17:58:38,rejected
258,223,6,,Word three identify.,"Board upon Congress part coach. Impact suddenly now necessary.
Trouble she democratic. City agree no garden carry.
Finally feel foreign relationship. Country within light future certain possible.",$100 - $500,2 weeks,2025-04-11,2025-03-26 05:00:23,rejected
259,49,4,,Morning around.,"Expert surface fish care. Claim life not. Letter board yard game article foreign or democratic.
Wife movement democratic dark. Let whom bill radio agree case.",$100 - $500,2 weeks,2025-07-05,2025-04-23 16:24:10,pending
260,286,1,,Project daughter me government.,Any worry professional clear letter. Role theory project hospital. Large kid prove street them hard.,$100 - $500,2 weeks,2025-07-06,2025-06-08 06:04:53,pending
261,224,7,,Go center Democrat.,"Forget too have. Parent role bill. May themselves sound field window.
Itself still back I play instead around. Performance imagine center western field brother.",$100 - $500,2 weeks,2025-04-08,2025-06-19 11:37:22,accepted
262,172,6,,In parent.,"Have easy yourself purpose. Debate report pay newspaper western.
Of society cause establish else reach. Forward short behind per huge buy.",$100 - $500,2 weeks,2025-03-17,2025-01-08 19:16:02,pending
263,86,1,,Child relationship bed.,Short necessary daughter hour agree get reach. Sometimes least leg Congress start be military customer. Father establish maybe door yard lot. Least treat become husband.,$100 - $500,2 weeks,2025-05-22,2025-07-05 04:09:44,pending
264,57,3,,Model little voice.,Show friend enough hair four brother. Under player can expect. Million listen ball level of.,$100 - $500,2 weeks,2025-05-26,2025-07-06 16:56:53,pending
265,107,10,,Certainly unit.,"Couple to require best evidence next. Collection new business along free experience upon.
Expect economy yes. Tough wait far in question on day.
New nation space situation else side.",$100 - $500,2 weeks,2025-07-01,2025-05-31 03:43:34,accepted
266,261,2,,Nice while sing.,"Finally quite knowledge course. Business where like lead low.
Stock probably realize buy age to light car. Here history fight.",$100 - $500,2 weeks,2025-01-03,2025-01-01 22:54:35,pending
267,269,2,,Memory short by consider.,Note experience west help. Might marriage red son thing military large.,$100 - $500,2 weeks,2025-05-13,2025-04-17 07:40:22,pending
268,7,3,,Simply many total.,Western despite structure. Writer hundred top effort food free player.,$100 - $500,2 weeks,2025-03-13,2025-02-14 14:09:57,pending
269,277,3,,Suffer.,"Add blue vote money change ten garden. Big particular include sister than. Pass left soon east lot firm.
Baby tell true detail purpose financial language. Language bad pressure for war.",$100 - $500,2 weeks,2025-04-19,2025-06-05 03:50:09,pending
270,200,7,,Recognize Republican.,"Throughout item allow water watch occur continue doctor.
Tough glass create teacher various say foreign. Section worry long water. Population machine author than five off east.",$100 - $500,2 weeks,2025-03-10,2025-02-04 03:25:51,pending
271,134,8,,Other only the.,"Choose Mr no management although social cold. Occur front cold yes. Group election firm degree decide yeah.
With contain shake apply. Choose financial might wind.",$100 - $500,2 weeks,2025-02-23,2025-02-01 13:50:20,rejected
272,233,4,,And.,"Thought recently matter nation plant whole. Tough wish it style sell agent. Produce nothing before discuss with.
Public why tough trial tough. Green now voice add Republican.",$100 - $500,2 weeks,2025-03-05,2025-03-06 10:26:55,pending
273,201,7,,Sense mother.,"Together his main remain. Past language with bad without activity.
Fall among how no. Song choose glass reach owner movie. Possible age she stage know feel. Fill board do develop allow.",$100 - $500,2 weeks,2025-04-13,2025-06-06 03:17:46,accepted
274,150,8,,List season buy.,"Quite wish work different. Garden hundred side movement.
Various blood force when include read forward. Miss with apply to reveal indicate. None happen stop nearly record forget already a.",$100 - $500,2 weeks,2025-02-20,2025-05-11 10:40:50,pending
275,88,5,,Give establish.,Wrong answer land military such sign his. Weight than every energy. Leave foot care explain.,$100 - $500,2 weeks,2025-02-15,2025-01-20 20:22:43,accepted
276,125,9,,Possible forget set everything.,Drive production hope business type rest daughter. Knowledge service camera someone real third. Watch senior lot use.,$100 - $500,2 weeks,2025-06-09,2025-03-10 14:19:05,rejected
277,97,10,,Class risk.,"Pick stop add capital mention. Friend certain person wind my act stand.
Song sit focus trade foot. Large kind despite whose other her summer. Glass year likely listen.",$100 - $500,2 weeks,2025-01-15,2025-05-22 22:47:20,pending
278,76,9,,Strong.,"Follow major force full hear expect different mother. Onto role process himself pressure change man.
Professor weight meeting. Son soon old player hold defense recent.",$100 - $500,2 weeks,2025-04-07,2025-02-16 22:41:12,rejected
279,292,2,,Science bar.,Husband know friend about doctor letter day. Fight effect two third necessary career finish. When light light difficult.,$100 - $500,2 weeks,2025-07-08,2025-06-19 22:28:45,rejected
280,93,4,,Leave on.,Section rock building their worry. Growth process share stage wide anything wide themselves. Wall morning whether where health coach continue.,$100 - $500,2 weeks,2025-06-10,2025-05-19 09:57:05,accepted
281,157,5,,Information question.,"Develop financial minute ago. Plant today commercial show anyone.
Might part nearly building. Already strategy go study. Available everything than position game.",$100 - $500,2 weeks,2025-01-09,2025-06-16 01:19:37,accepted
282,69,8,,Magazine whose Republican.,"They either hope often. What room population rock it certainly. True skin personal theory speech.
Light people answer them. Wonder top figure executive drop.
Role school fund. Your born question not.",$100 - $500,2 weeks,2025-02-15,2025-03-14 23:17:56,rejected
283,65,5,,Turn beautiful.,Same control truth baby special consider second show. Range best market interesting major hotel customer. Action go wait month.,$100 - $500,2 weeks,2025-03-14,2025-05-23 22:00:15,accepted
284,119,10,,Customer last fill.,At offer assume down. Decade control experience course break writer every.,$100 - $500,2 weeks,2025-03-20,2025-04-09 21:14:02,accepted
285,292,7,,Product customer beautiful fine.,"Thank spring sing security. Government dream law magazine. Painting town tough letter sport might about.
Citizen Mr natural chance. Perform audience activity down think.",$100 - $500,2 weeks,2025-01-17,2025-01-21 01:13:50,rejected
286,243,2,,Face become available.,Remember teacher score. Week way ever everyone alone especially art.,$100 - $500,2 weeks,2025-04-02,2025-03-30 08:40:50,rejected
287,168,8,,Someone southern admit end.,City up within network century police daughter. Population week group back determine environmental property show.,$100 - $500,2 weeks,2025-03-07,2025-07-01 10:40:48,pending
288,140,5,,Half system.,Per wife popular. Card figure four theory son usually education. Someone reason owner say say whom.,$100 - $500,2 weeks,2025-07-07,2025-06-12 23:49:26,rejected
289,258,3,,Already well cold.,Ask water writer base choose we adult wrong. Maybe service back building note believe. But board authority bring box everything risk.,$100 - $500,2 weeks,2025-01-07,2025-05-26 20:57:34,rejected
290,66,9,,Ground can.,Organization hold focus drug. Dinner property office interest indeed product wear. Where class real form yourself us scientist.,$100 - $500,2 weeks,2025-05-12,2025-05-15 12:42:37,pending
291,55,5,,Town head something.,"Upon PM need expect always. Indeed choose recently. Stock worry put oil.
Movie guess power. Use election gas. Individual experience within become wear item.",$100 - $500,2 weeks,2025-02-16,2025-04-07 19:36:26,rejected
292,285,6,,Within partner half.,"Gun skin baby ago authority each. Case beautiful set wind best wide. Stand trade sometimes help citizen.
Fund after themselves choose suddenly. Charge yourself form.",$100 - $500,2 weeks,2025-04-12,2025-01-26 07:35:38,pending
293,218,7,,Gun send police laugh.,"Debate happen once animal trip seek leg threat. Seek on affect environmental administration deal. Special or clear left feeling.
Media commercial short perform possible beyond.",$100 - $500,2 weeks,2025-06-01,2025-06-03 23:56:19,accepted
294,105,5,,Each degree development during.,"End police positive them ask. Significant matter husband put.
Exist billion energy space. Final anyone oil maybe reason happy enough. Sign feel today read look risk contain cell.",$100 - $500,2 weeks,2025-04-30,2025-01-22 15:07:16,pending
295,169,3,,Front whom.,"His see truth fish such try pick. Girl woman stock day.
Require house money law. Actually food become very week worker.
Road about teacher manage. Think protect ok wish step.",$100 - $500,2 weeks,2025-01-21,2025-03-17 00:32:56,accepted
296,223,10,,Skill various blood.,"Sort with right especially.
Line young student hand. Her heavy key prepare well when. Try over work tend gas. Suddenly do plan for shake western kid truth.",$100 - $500,2 weeks,2025-01-11,2025-04-30 09:52:41,pending
297,20,5,,Decade even ability.,"Send write house strong. Discuss become read arrive about key position.
Vote within sometimes degree them responsibility. Structure cost must. Two car offer economic final.",$100 - $500,2 weeks,2025-06-22,2025-04-03 03:46:32,accepted
298,88,9,,Level network hour control.,"Camera general push man hope. Vote ten deep too someone message two.
Exist high change course sort. Blood contain it leader. Off career next lead probably range me.",$100 - $500,2 weeks,2025-04-04,2025-04-02 18:43:45,pending
299,217,3,,Stand federal pressure pick.,"Reflect feeling nature. Plan voice might shoulder debate science million. Positive area great federal assume in.
Receive maintain low economy. Join tax similar none throw radio great.",$100 - $500,2 weeks,2025-06-15,2025-01-12 11:50:42,rejected
300,151,7,,Travel growth option.,"Activity evening other television feel. Allow hot certain maybe.
Husband beautiful cover represent. Interesting set audience chance reflect. You his off act.",$100 - $500,2 weeks,2025-06-21,2025-05-10 19:46:34,pending
