provider_id,user_id,business_name,email,phone_number,description,location,verificationStatus,is_ai_generated,created_at,updated_at
1,1,Ware Group,tyler30@hotmail.com,235-009-5229x89824,"Thought into or begin. Step physical worry life better wait thus modern.
Heart stock young meeting hit decision your. Boy democratic give money perform. While though may visit should daughter feel.",West Amandastad,approved,True,2025-05-26 22:00:34,2025-03-07 17:54:25
2,2,Scott Inc,hfisher@galvan.com,(445)442-9407x200,"Together account five expert. Director front voice discussion drug make explain.
Technology away line improve do father. Your one kid recent station strong. Employee else actually well.",Ortegafort,pending,True,2025-07-03 16:28:41,2025-01-14 01:23:58
3,3,"Thomas, Day and Duncan",ayalatracy@gmail.com,413.070.7456x58763,"Local manager strong political. Without tax first.
Nothing money about hair industry past option. Someone figure staff affect worry. Ready today third beyond important view.",East Carolborough,rejected,False,2025-06-05 17:18:59,2025-04-22 14:49:33
4,4,Wilson PLC,martinezryan@morales.com,124.923.5343,Data administration return security heavy. Season send education early game agree note. Learn time ago run value compare.,New Cheryl,approved,False,2025-07-09 05:46:13,2025-03-29 08:37:01
5,5,"Hale, Ruiz and Mendoza",sonyawong@yahoo.com,001-655-939-4517x655,"Friend know risk analysis clear national treatment. Degree party through any radio yet.
Popular charge better want. Ago raise no together other after probably.",New Ruthbury,rejected,True,2025-06-12 04:11:10,2025-02-19 21:33:53
6,6,Pitts Ltd,nsanchez@yahoo.com,+1-488-719-0214x722,Quickly new ahead board myself world full send. Bring enjoy center identify perform around. Most short entire senior edge.,North Emilytown,rejected,True,2025-01-26 08:04:36,2025-04-11 15:21:28
7,7,Bowers-Ruiz,pennybush@yahoo.com,+1-057-881-2242x0975,Research cell increase right significant kind. Win what idea think too suffer.,West Caitlinberg,approved,True,2025-03-08 07:07:51,2025-07-05 23:52:54
8,8,"Castro, Fox and Clark",loriball@miller.com,711.620.6381x358,"Source peace from performance past. Perform wrong wait daughter system door.
Almost task individual police over else. Need family character before.",Gregburgh,pending,False,2025-02-23 13:25:08,2025-02-10 09:25:21
9,9,"Tyler, Medina and James",hudsonkendra@hotmail.com,+1-646-801-1894x8857,"Music serve visit. Drive get eight mention century.
Wide accept investment budget police. Deep chair term country suddenly sometimes.
Around step skin score black discussion.",North Tammymouth,pending,True,2025-06-04 02:48:10,2025-04-04 14:25:53
10,10,Martin Ltd,ruizkevin@gmail.com,001-958-333-8120,"Beyond join smile table trade. Meeting today you radio financial property even.
Traditional former officer reach mouth including. Of deep send store face race.",Port Ronaldborough,pending,True,2025-04-18 16:48:28,2025-04-28 18:37:13
11,11,Davis-Brown,bjohnson@yahoo.com,(854)667-6137x4120,Already year important various drive think. Old result myself majority book crime. Simple worker performance race method without business individual.,Port Joshua,approved,False,2025-01-21 19:18:57,2025-05-04 07:33:50
12,12,Rodriguez and Sons,milestasha@johnson-chavez.com,1677650894,Upon wind reflect response mean people article. Allow research final good peace. Economy buy recognize support least peace sit maintain.,Carterside,approved,False,2025-02-22 03:40:43,2025-01-30 18:25:49
13,13,"Koch, Smith and Williams",conniemcintosh@ford-marsh.com,898-594-5366x7875,"Believe finally put music responsibility. Name spring information skill. Fall hold drive.
Serve peace how word. Forward worker table.",Port Stevenberg,pending,True,2025-01-13 01:13:51,2025-03-16 12:43:31
14,14,"Gonzalez, Bailey and Johnson",jamesshah@hicks.com,900-632-7764x1638,"Analysis strong spend case nice. Player land now somebody area leader future.
Itself few paper director thought couple notice. Personal campaign task to.",Robertstown,rejected,False,2025-05-26 03:03:22,2025-02-14 21:56:16
15,15,"Ramsey, Ortiz and Mcdaniel",robinsonjohnny@evans.com,001-265-018-0068x28862,"Whatever figure most under.
Will right school well art five fear. Ok continue meet month read lose.
Seat speech Democrat TV. Benefit data high federal. Thousand recent fill.",Lake Alexandra,approved,True,2025-05-06 20:34:22,2025-06-25 13:14:39
16,16,Parker-Duncan,yjames@yahoo.com,+1-834-914-4175,"Many son conference new. Foot age raise recently. Manage point character family pattern.
Whole themselves much door. Audience strong hair kind common.",South Richardhaven,rejected,False,2025-02-21 11:06:02,2025-05-11 12:43:23
17,17,"Powell, Chan and Baker",pholland@wells-lawson.com,559-460-5350x796,"Answer provide increase film eight. Role tax attorney keep.
Answer campaign clear nearly pay conference. Head tend public sign offer skin point.",East Jacob,pending,False,2025-06-24 20:59:22,2025-03-20 09:43:53
18,18,Owens-Taylor,amcgee@hotmail.com,911-070-3795,Wall certainly need expert exist. Catch very decision dog. Simple you pick think live.,Port Jasontown,rejected,False,2025-05-17 01:14:28,2025-04-04 02:40:48
19,19,Cabrera Group,hillivan@gmail.com,001-782-556-6183x864,"Beat voice imagine community. Road available suddenly surface.
Perhaps short peace not building. Add across father push. Agree fund step drive message much.",New Tiffany,approved,False,2025-04-26 10:21:34,2025-04-09 13:01:22
20,20,"Mitchell, Berry and Levy",ypadilla@hotmail.com,(767)506-1610x655,"Born risk ten sort up guy. Federal democratic word including great. Pressure may show almost.
Network sometimes never. Speak room tax analysis most.",Margaretview,approved,False,2025-03-07 03:39:15,2025-03-21 22:34:13
21,21,"Sanchez, Richard and Mckinney",downselizabeth@richardson.com,(828)706-5191,"Culture culture human throughout film finally go. Might run remain gun idea.
Ok car church maybe gas. Gas woman such director.",Patriciabury,pending,True,2025-04-17 06:45:22,2025-03-17 19:44:45
22,22,"Larson, Gentry and Dixon",hgray@yahoo.com,001-857-000-3688x169,"Life weight finally occur field. Others recently teacher network research modern behind night.
None foreign these standard.",Parkerhaven,approved,False,2025-02-26 06:40:47,2025-02-22 04:40:36
23,23,Guerrero Ltd,williamsjennifer@washington.com,395.800.5321x435,"Despite position process themselves. Suddenly poor hotel finally some likely. Listen consumer practice alone tonight.
Before science memory would market see. Join star sure car no either especially.",New Danielton,pending,False,2025-03-27 16:42:05,2025-04-18 09:37:59
24,24,Lee-Schaefer,carterlisa@hammond.org,993-145-3360,Recently sea available build southern story store. Face view usually boy whole deal right. Enjoy government wind focus moment attention road skill.,East Matthewhaven,pending,False,2025-05-10 09:21:18,2025-03-21 05:35:05
25,25,Mcintyre-Mcdowell,stacy17@lang-levy.com,(070)232-5933,Number set most child call recognize. About open daughter how run national.,Port Timothystad,approved,False,2025-03-24 22:00:58,2025-01-27 22:23:27
26,26,Mendez PLC,beardhaley@rosario.net,001-699-479-2803,Student discussion change within system home develop. Determine wife billion establish. Some indeed speech I brother affect never.,Brianashire,pending,False,2025-03-11 23:18:36,2025-02-12 13:56:06
27,27,Mckinney LLC,christopherbutler@robinson-humphrey.com,001-465-407-8510x3309,"Know baby politics more deep single address. Director lose attack probably plant different.
Win position watch phone he discuss. Size war voice improve important easy.",Port Victoria,rejected,False,2025-04-30 13:21:07,2025-02-22 18:03:03
28,28,Webb and Sons,zhines@harris.com,321.230.1357x09080,"Sister certainly between loss blue leave hit. According set case contain model. Three Republican network.
Politics close building event fight protect head.",Johnstad,pending,True,2025-06-17 14:53:32,2025-03-21 05:34:34
29,29,Sweeney-Davidson,april31@hotmail.com,001-746-479-4592,Especially end according ever several drug think beat. Affect seek under near wonder television line. Manage kind effort book.,Jordanshire,rejected,True,2025-02-15 17:55:10,2025-03-07 12:02:06
30,30,Branch and Sons,murphykyle@yahoo.com,(069)873-3415,"Usually laugh person rock brother set. Hotel set picture.
Positive mean six would magazine relate point. Prove various case detail industry.",Lake Taylorstad,rejected,False,2025-01-10 23:23:13,2025-04-27 19:10:11
31,31,"White, Mcgee and Parrish",coxmichael@hotmail.com,127-892-9139,"Film who parent military.
Identify decade important stuff first section. Thought education senior professional remain sound. Attack create sing.",New Joshuachester,rejected,False,2025-06-27 02:16:25,2025-03-24 09:53:08
32,32,Gibson-Castaneda,rdunn@clay-walker.org,+1-393-344-4101x921,"War office out about standard both keep. All walk play soon.
Current between head citizen industry always station. Dinner court success notice likely.",Odonnellton,pending,False,2025-05-20 11:32:58,2025-04-11 23:43:45
33,33,"Stevens, Pearson and Brooks",karen22@pope.net,987-844-8165x015,"Forward likely administration cultural. Husband artist class. Believe prove couple make among weight part.
Late first dark public surface. Fly than bring center mention hear energy floor.",Lake Laura,pending,True,2025-05-04 02:40:11,2025-06-28 01:41:52
34,34,White Inc,rachelbaker@gmail.com,+1-131-719-0962,Large shake wait including because radio. It budget write information. Energy situation son involve determine must somebody. Resource tell view kid hold across.,Heatherport,rejected,False,2025-05-04 11:05:07,2025-03-31 13:35:38
35,35,Cordova PLC,jessechan@yahoo.com,311.907.8209,"Poor simply theory. Field side especially walk high.
Edge I happy cover technology especially agree.",Sherryton,pending,False,2025-02-19 12:15:03,2025-04-07 23:53:53
36,36,"Carey, Powell and Butler",robert74@barker-munoz.com,1149112072,"Want purpose ball. Bill pick choice bed describe. Add nation capital serve.
Training green economy line great choose. Law son base form individual fine say task.",New Holly,rejected,False,2025-01-08 06:51:32,2025-07-02 17:05:17
37,37,"Haynes, Gardner and Fischer",reedsharon@yahoo.com,001-444-100-7713,Resource practice let born meet every. Learn cover song as. Training special experience mention media whole.,South David,approved,False,2025-04-19 22:00:20,2025-07-06 07:30:31
38,38,Dominguez-Carroll,joshuareed@gmail.com,388-480-9791x694,Ok remember become suggest character. Together include your mean form describe.,East Cynthiafort,pending,True,2025-06-16 11:23:53,2025-05-07 10:14:15
39,39,Bailey Ltd,royferguson@gmail.com,(372)781-2577,Back beautiful shoulder election actually recent easy. Couple key street brother. Lawyer take system determine material painting.,West Travis,pending,False,2025-05-31 23:29:28,2025-02-18 09:34:12
40,40,Baker LLC,reidjason@yahoo.com,(966)415-0952x67907,"Ball view situation reach affect young send. Job learn bring city our. Free thank state writer.
Son realize which happen anything source physical. Simply grow direction wait purpose new.",Freemanview,rejected,True,2025-04-09 14:15:33,2025-01-31 08:24:51
41,41,Sanchez-Ruiz,sandrasantos@phillips-butler.info,001-104-826-9892,"Necessary that probably anything. Need serve marriage word off. Process along language.
Imagine wrong discover son hair. Rise coach participant admit I project few.",North Marcusburgh,rejected,False,2025-05-11 01:46:41,2025-06-24 01:31:59
42,42,Santos Ltd,morrisonjacqueline@yahoo.com,263-186-2981,"Table loss wonder. Leg current single glass which pay career. Result defense difficult property manager.
Debate necessary service account camera possible. Child lose dinner heart tough cost may.",Melindahaven,rejected,False,2025-01-13 16:55:33,2025-02-07 15:28:40
43,43,Martinez-Munoz,dcrosby@yahoo.com,8946267683,"Treatment address mention interesting technology those. Practice do rock boy stay page window better. Day doctor six technology deep whose perform.
Mean range seek never. How choice mind carry.",New Isaiah,rejected,True,2025-03-20 18:36:40,2025-03-11 08:08:52
44,44,Schwartz-Williamson,john15@yahoo.com,206-672-6961x32837,"Condition marriage debate plan coach rock star. Dog notice direction green. Worker tree always father field federal enter.
Poor mission firm deal response financial. In party report despite.",Riosview,rejected,False,2025-01-22 12:40:51,2025-05-17 17:23:06
45,45,Dean-Bass,sandrasmith@daniels-johnson.net,072-382-9687x216,"Full budget manage book with. Take mouth collection discussion.
Check administration cultural be card however yet any. Not western fly especially consumer set. Under pull environment ahead rich few.",East Catherine,pending,True,2025-01-29 21:30:31,2025-05-02 14:56:29
46,46,"Wise, Carpenter and Evans",zhinton@gmail.com,(383)060-0486,Serious common anyone recent network support his. Benefit person because staff lose. White audience reveal camera consider while himself hot.,South Ethanside,pending,True,2025-01-30 16:31:07,2025-03-18 05:29:41
47,47,"Hayes, Adams and Hatfield",watkinsnicole@wells-campbell.net,7757003384,"Now degree would mean party value. Since never might member check impact.
Never process car strategy decision law. Forget responsibility summer or. She seven hold recent.",New Robertaland,pending,True,2025-03-01 06:15:17,2025-01-12 21:49:54
48,48,"Wise, Keith and Ross",virginiafrazier@johnson.com,9933967290,"In successful decide foot executive husband. Improve recognize four my argue property the.
Boy reach author team fear. Light board phone new body.
Heavy safe sound. Sing school teacher into on trip.",Cookbury,approved,False,2025-05-17 17:30:54,2025-02-14 15:09:27
49,49,"Hogan, Everett and Short",johnlogan@hill-hill.com,001-419-219-8266x57921,Cell group gas. And reflect mind quite card off. Message pressure professional door financial difficult including.,South Melissa,approved,True,2025-05-20 03:45:27,2025-04-25 20:51:21
50,50,"Grant, Sexton and Moran",michelehuff@yahoo.com,001-185-697-4682,Later think fill region rule Republican. Growth heart thus until. Pattern before option clear reach. Significant whole agreement past take major place.,Jacobborough,pending,True,2025-03-11 15:16:22,2025-06-30 20:50:51
51,51,Lawrence-Powell,kennedyadam@vasquez-morris.com,894-786-0254x05186,"Play plan operation thank. Hold article avoid. Million design positive decision those share past maybe.
Eat debate open wall day common. Case instead wall control offer statement.",Lake William,approved,True,2025-03-24 16:20:36,2025-02-26 00:57:12
52,52,"Mendoza, Patel and Horn",kimberlygiles@chen.com,+1-782-234-8367x391,Recently individual late pretty benefit purpose office. Billion learn space. Dinner forward author sometimes thank attention.,South Marcusburgh,rejected,False,2025-03-10 01:45:31,2025-01-02 05:27:29
53,53,Smith PLC,lovemegan@yahoo.com,334.404.5968,"Contain change determine six avoid.
Middle network keep operation heart grow. Key authority else practice deep then away trouble.
Class speech push eye common. Grow read way save.",North Kevinshire,approved,False,2025-05-28 10:16:13,2025-06-16 16:04:02
54,54,Kane LLC,keithrodney@potter.net,111.656.8498x99539,Early loss card suggest Republican. Your exactly might science. Ever door happen job knowledge hospital.,Port Frankbury,pending,True,2025-03-29 13:52:32,2025-07-09 02:23:02
55,55,Calderon LLC,kaitlyn14@spencer.com,807-435-6914,"Republican voice right one lay then mind. Open board positive hold either.
Then education although property. Expect effort process quickly.",Nataliefort,pending,True,2025-02-11 11:38:59,2025-06-28 12:56:02
56,56,Moore-Randall,christopher94@lester-medina.com,(805)002-1718,Sport sit exactly national any other of. Material either either big act guy. Inside focus wish item recent back.,Port Davidmouth,approved,True,2025-04-16 00:35:51,2025-06-08 08:05:54
57,57,Hall-Johnston,robertbarber@myers-smith.org,491.214.7834x57884,"Manage doctor civil leave other produce movement. Yet security maybe at good far. Describe tax set issue some.
To build two far. Threat rule leave within event great sort.",Davenportton,pending,False,2025-07-09 09:23:19,2025-03-13 01:36:44
58,58,"Brown, Rojas and Stevens",jenna45@cunningham-bell.com,524-884-1981x9181,Writer foot marriage finally. Effect official bring party. End ready feeling least until environmental.,Joemouth,approved,False,2025-03-12 05:30:26,2025-03-16 10:58:28
59,59,"Bennett, Carter and Norton",piercejoseph@gmail.com,+1-617-810-8471,"Seat not almost miss. Around teach candidate I. Particular house pretty focus air. Approach purpose character professional democratic type similar strong.
Mind weight water may figure price.",Port Jameschester,pending,False,2025-04-25 05:13:25,2025-05-06 03:27:12
60,60,Adams-Martinez,wilsonkeith@lawson.org,795-221-0752x4556,"International card entire against everyone condition. Today common its difficult yes. Service note have argue.
Citizen say care itself down better for. Anything which these situation.",East Johnny,approved,False,2025-03-14 08:14:33,2025-03-07 20:27:13
61,61,"Williams, Horn and Berg",jennifersloan@clark.net,007.794.1614,"Style interesting people cause raise way friend argue. Three education trade.
Which reflect out happen decision short.
Hundred health interest discussion best wind attorney use.",Millershire,rejected,True,2025-02-23 22:59:04,2025-05-27 15:07:33
62,62,Smith LLC,romeroedward@gmail.com,001-123-333-6407,"Machine and world information free capital up after. Like personal actually follow. Size run name director interest machine.
Particular gas forward concern suddenly sport mean.",Webershire,pending,False,2025-01-04 08:17:04,2025-06-14 17:10:08
63,63,Howell and Sons,shelby85@yahoo.com,+1-160-170-7858x3715,"Sure job yes according force another. What east level financial several plant to.
Thought base conference own bank. Oil call various. Book hundred public new.",Reyesburgh,approved,True,2025-03-13 14:09:21,2025-02-28 06:47:58
64,64,"Jones, Soto and Howard",micheal97@hoover.com,3196703714,Culture wife billion detail. Commercial interest leg financial share one section during.,Parkerfurt,approved,False,2025-02-18 13:09:27,2025-07-02 17:30:00
65,65,Duncan-Mata,michelle24@yahoo.com,986.892.0130,Thing type throughout. Late trade do American order once. Glass within election laugh area performance.,Marcview,approved,True,2025-05-05 00:33:50,2025-01-07 19:22:49
66,66,Williams-Terry,april06@gmail.com,(969)813-4673x6304,"Goal daughter me interesting between. Huge study turn just skin far all.
Little easy like about at. Perhaps join choice save quality. Entire design or stock tax.",Hensonstad,rejected,False,2025-03-08 19:21:58,2025-01-01 01:45:00
67,67,Mckinney-Taylor,brandon07@yahoo.com,6082916222,"Information community person may wish there sport. Likely former buy sell.
Drive hear point matter. Authority them end so face provide almost. Continue cell century example according color.",Thomasmouth,pending,True,2025-03-30 01:15:32,2025-01-06 08:57:18
68,68,Baker-Roberts,joneskyle@hotmail.com,(012)049-1106,Weight take trade when soldier upon hundred. That hold policy how foreign success. Kid remember still other computer.,South Bryce,approved,True,2025-03-15 16:43:57,2025-05-17 04:33:18
69,69,Black-Kelley,timothy89@gmail.com,(779)646-6442,"Office consumer strategy one economy film. Clearly nation need doctor rest analysis.
Safe reality wish part great. One weight manager like when forward.",Willisshire,pending,True,2025-01-12 09:30:07,2025-05-01 23:30:46
70,70,Smith LLC,wjones@lin.net,(963)142-3064x40558,"Explain seem dinner right explain true owner once. She glass president culture.
Effort still television piece too indicate born music. Fact indeed enter natural safe attorney.",Burnsport,pending,False,2025-01-29 23:04:05,2025-03-10 23:04:15
71,71,Roth Group,cmorgan@hotmail.com,983-975-9784x8403,"Alone fish school difference. Dark newspaper expect participant.
Alone painting available. Prevent avoid increase agency.
Bed much rich once foreign food or. Treatment task audience anyone edge.",Ericton,approved,True,2025-06-06 00:16:14,2025-05-04 01:16:17
72,72,"Allen, Wolf and Trevino",tammy65@yahoo.com,(847)360-6854x9166,"There try pay. Class admit compare us move clear. Down recognize increase first land decade act central.
Man give box thousand trip. Among campaign despite conference third. Movement student oil on.",South Courtneystad,approved,True,2025-03-14 01:03:02,2025-04-20 05:29:08
73,73,"Briggs, Rocha and Morris",ejackson@tucker.com,095.839.4870x17731,Care interesting pull population start. Do third paper production window grow.,Malikside,pending,True,2025-03-19 09:09:45,2025-01-06 18:46:49
74,74,Garrett-Wagner,jon41@marsh.net,001-588-811-5145,"Institution building main fine house. Senior instead modern in oil bill current.
On especially suddenly but site rule the. Interesting yard always present explain available grow shoulder.",East Hollyton,approved,True,2025-03-19 23:37:07,2025-05-11 22:49:16
75,75,Cruz Inc,jamesking@perry.com,(601)144-9833x760,"Your same close nearly full outside. Never though performance board enjoy head during.
Method the shoulder good I. Crime by foot could. Above fill particular catch.",East Kelly,rejected,False,2025-02-02 02:58:17,2025-03-18 08:55:18
76,76,Juarez-Klein,michaela99@sanders.com,2330476845,"Without chance seven eight. Down up page tend know garden.
Partner specific look card operation. Natural between experience suddenly behind data point. Gas always herself various.",West Jessica,rejected,False,2025-02-05 05:46:49,2025-05-05 17:33:27
77,77,"Stephens, Williams and Carpenter",emilysanders@yahoo.com,993-161-5918x041,"Listen through animal care expect cold.
Somebody although finally guy assume through blue. Thousand hear others. Common decision study stay.",Raymondshire,pending,False,2025-03-14 07:16:41,2025-05-09 15:15:49
78,78,Hill-Jackson,belinda81@gmail.com,116.672.1173,"List strong professional fill feel. Sing worker far energy young.
Adult likely phone job born age throw music. Parent we just style remember.",Escobarville,approved,True,2025-03-02 02:43:17,2025-06-26 05:52:55
79,79,"Johnson, Smith and Maddox",john37@gmail.com,001-678-470-2488,"In available beyond. Oil blue yes upon.
Green animal development security through. It concern visit.
Fund left only professor they third memory. Short south that member officer.",Emilyfurt,pending,True,2025-03-15 18:57:00,2025-04-17 21:30:26
80,80,Lopez Ltd,imorgan@yahoo.com,001-879-896-5521,"Political early beyond site become improve throw store.
Water baby husband simply manager close news. Week fine everybody.
Clear body cultural benefit picture. Third might design.",Burnston,rejected,False,2025-02-25 16:21:27,2025-03-26 14:08:43
81,81,Walsh Ltd,morganjessica@david-baldwin.com,001-597-939-5395x82069,"Third traditional seem back. Senior month position service.
Order size truth teacher. Sure teach know nation off green body paper. Vote party second again common.",North Theresa,rejected,False,2025-04-08 15:11:46,2025-01-22 11:54:05
82,82,Brown-Hardin,gloria26@hotmail.com,058-567-2179x112,Member artist history owner. Word listen upon option by program treatment. Degree public tonight operation study. Animal sort population again important.,West James,approved,True,2025-05-30 13:22:31,2025-05-15 04:22:59
83,83,Hernandez-Marquez,vespinoza@sherman.com,230-357-5206x37310,"Main central each recently.
Among tend enough something direction. Beautiful vote always writer probably. Name military seem bit.",Nicholasburgh,pending,False,2025-06-14 00:03:41,2025-03-25 18:06:30
84,84,Huber and Sons,keithrich@hotmail.com,983-984-6336x5346,"Difference plan will mind man low outside. Stand product I. Employee smile why you.
Exactly sure this hotel. Peace style final million. Whether toward upon begin treat occur.",Lake Rhondachester,approved,True,2025-04-08 06:04:57,2025-06-09 17:21:22
85,85,"Richardson, Davidson and Rivers",kmcdowell@strickland.biz,531-809-8899x3137,Model best difficult find carry population two. Each over kind something few pressure skin. Through trouble management this ability.,New Amandastad,rejected,True,2025-07-03 00:42:09,2025-06-30 22:21:44
86,86,Hess and Sons,christopherwalker@bender-simon.com,634-112-7877x94419,"Interesting small power goal meet. Through people rich baby.
Hold class much environment near. Build pretty debate though night main would. Expert force grow real.",Juanton,pending,True,2025-06-04 23:51:58,2025-06-26 08:23:53
87,87,Parsons-Lewis,karen66@gmail.com,736.656.9591x70970,"Nation deal happen church. Civil around conference tend data. Economic forward behavior if. Ago production operation.
Participant inside however station tax.",Jenniferfurt,rejected,False,2025-04-30 04:29:43,2025-03-07 10:54:37
88,88,"Matthews, Flores and Avila",angelamyers@buckley-cruz.com,001-782-647-6560x67754,"Cell message serious. Child reveal order question important training with.
Approach way him sit will. Company for section they.",East Loriport,approved,True,2025-05-06 07:37:12,2025-05-02 23:38:09
89,89,Johns-Joyce,johnsoncynthia@yahoo.com,104.424.7909x36318,"Stand or big perhaps others position. Improve also study.
Outside line from water nation want concern. Yard investment the recently something new hospital. Event process bar tax.",West Patriciaview,approved,False,2025-05-08 22:29:27,2025-06-27 19:50:37
90,90,"Mckinney, Long and Carter",pamelamiles@yahoo.com,1408491047,Total least yourself Democrat role though. When add suffer early impact. Camera record should commercial animal without policy west.,North Heather,approved,False,2025-05-07 02:13:20,2025-01-07 23:20:59
91,91,Sanchez-Steele,porterashley@gmail.com,(862)631-0344,Side give bit develop smile early good home. Land base issue his operation building probably. Station exactly clear before base less.,West Stephanie,pending,True,2025-01-18 17:16:22,2025-04-19 08:40:56
92,92,Smith-Walker,villegasolivia@gmail.com,+1-133-715-6252x75790,"Or whose bring not upon want better. Box rather minute ahead.
Anyone improve window I form deal middle.
Fear benefit staff in full.",Ellisborough,approved,True,2025-03-04 13:36:36,2025-04-21 15:38:08
93,93,Phillips Inc,tcombs@gmail.com,001-896-097-7648x4128,Smile compare toward local. Somebody pretty turn look sea whatever television body.,Georgefort,pending,True,2025-01-17 13:51:19,2025-05-21 18:27:38
94,94,"Burgess, Figueroa and Brown",russellhoffman@gmail.com,+1-154-377-3411x221,"Accept official myself often vote. Just color outside price nearly door.
Note tree join include agent wall admit. Us treatment produce guy southern attention most method.",Daleside,rejected,True,2025-01-25 05:40:59,2025-04-26 21:07:15
95,95,"Gonzalez, Cunningham and Crawford",sarah40@yahoo.com,052-653-1816x273,And although service citizen quickly probably. Product live sing maintain. Create very apply other.,Dennischester,pending,True,2025-04-28 22:54:11,2025-02-07 21:47:03
96,96,"Horton, Jones and Allen",ocollins@hotmail.com,943.250.2113x9188,"All without need brother door relationship ten. Meeting together tend here peace national.
Where thought your. Meet back line third some go school.",Hughesfort,rejected,True,2025-06-25 00:02:59,2025-02-25 06:13:17
97,97,Wise-Frost,andreamartinez@kaiser.org,(229)727-3536x7915,"Fly summer record order talk indeed charge onto. Which hospital move before body several.
Our medical night certainly. Everyone knowledge finally list agree others tax. Suddenly pass section.",South Brian,rejected,False,2025-03-10 15:26:32,2025-04-23 05:57:55
98,98,Fleming-Shaw,gsanchez@gmail.com,405-446-5001x45068,Fast example mind include treatment. Structure street past evening crime cell career represent. Suggest less color decision.,East Jaclynside,pending,True,2025-03-24 07:18:30,2025-05-30 21:34:59
99,99,Rogers-Skinner,william10@moody.com,(373)613-7864x8671,Card direction medical because threat range opportunity. Such international skin everything stay she development.,East Jacob,pending,False,2025-01-13 01:19:57,2025-05-13 05:06:48
100,100,"Hale, Johnson and Williams",gthomas@williams.com,001-400-584-1626,Onto city training entire concern those. Buy everyone soldier option work card just. Cell miss live miss condition study business maintain.,South Jaredton,rejected,False,2025-04-19 09:16:17,2025-05-24 00:17:54
