user_id,email,password,first_name,last_name,role,profile_picture,phone_number,status,googleId,created_at,updated_at
1,pwilliams@hotmail.com,8n)1vAjZ+E,Sandra,Mueller,admin,https://placekitten.com/853/419,001-893-759-8682,deleted,e4e4ffa2-73bd-4f8b-921d-b555c2dcadb1,2025-02-26 00:13:00,2025-06-12 13:49:50
2,carolyn52@carpenter.org,+dagD(!w8p,Sandra,Young,service_provider,https://www.lorempixel.com/775/414,001-298-115-1475x6069,verified,a13caea2-2e0f-47a0-880e-dd9fd950ccd7,2025-04-05 22:15:32,2025-04-05 22:00:56
3,brooksbarry@yahoo.com,i_5rCar6V%,Tyler,Holt,service_seeker,https://www.lorempixel.com/1013/414,904.383.5908,fresh,2a8b6be0-1068-487e-9c4f-f529b55a593f,2025-04-09 08:24:33,2025-07-07 12:00:33
4,thompsonpaul@gmail.com,53!pQQVr+*,Mallory,Allen,admin,https://dummyimage.com/802x458,920-326-7327,suspended,290156c4-de6b-43e4-8baa-c4c559ba9317,2025-05-23 03:11:11,2025-02-14 20:27:25
5,campbelltanya@hotmail.com,M^B8F1b_i(,Justin,Ramsey,service_seeker,https://dummyimage.com/436x834,858.231.5373,fresh,75c5cb42-c25e-4342-846c-36bbb63e66df,2025-03-27 20:50:05,2025-07-09 01:56:05
6,becky75@gmail.com,#M2kWLzo*Q,Jonathan,Miller,admin,https://placeimg.com/465/125/any,0152296954,fresh,d4268bee-29d5-42b9-babd-d67ccb256fbc,2025-05-16 19:04:34,2025-02-14 17:50:01
7,obright@yahoo.com,*(0Niq6pQ*,Paul,Moore,service_seeker,https://www.lorempixel.com/1013/350,970.051.6735,deleted,ca9fd403-bb7e-431b-9540-bcf75c5c1037,2025-02-19 02:30:27,2025-07-02 22:48:46
8,nolankenneth@gmail.com,%%Hnosx029,Brian,Mcdaniel,service_provider,https://placekitten.com/56/855,958-870-0107x356,fresh,1d56832d-adb1-4f18-ad31-99bb958904ff,2025-04-05 22:01:21,2025-06-28 15:30:42
9,dominique92@norris.biz,!l@aVYivm9,Victoria,Simmons,service_provider,https://placeimg.com/1008/225/any,+1-369-479-6200x32209,active,e15c5433-e1be-4ae0-be2d-c2ad478d872b,2025-03-24 23:32:49,2025-02-08 18:20:11
10,alejandro52@hotmail.com,Wq9O)4b$b%,Brandy,Miller,service_seeker,https://placeimg.com/459/707/any,+1-087-201-8086x46228,suspended,f4deedf5-b047-4dd2-8f54-9eda8f0329dc,2025-03-24 02:10:13,2025-02-05 12:38:29
11,pjohnson@yahoo.com,Si7XRAg$%(,Christopher,Jackson,service_provider,https://dummyimage.com/34x971,038.916.7187,verified,e02bfa21-38c2-4212-8e91-066494087eae,2025-06-28 11:47:59,2025-01-02 16:29:49
12,johnsondavid@yahoo.com,P8PzYULq#2,Sara,Roth,service_provider,https://www.lorempixel.com/978/717,001-415-717-1920x9592,fresh,15eede4b-ecc8-4330-93e0-4537cbbbd73b,2025-07-06 14:50:20,2025-06-26 19:34:05
13,andreathompson@martinez.com,2aAJKyjC_C,Jamie,White,service_seeker,https://dummyimage.com/940x502,966.776.4165,suspended,45508880-fd14-45a8-8f6f-89111b1114ec,2025-03-13 06:35:52,2025-02-05 22:13:01
14,eric34@yahoo.com,C5+7Yuugv7,Tony,Black,service_seeker,https://dummyimage.com/134x423,001-141-146-8088x22636,suspended,c24b8d8f-cee9-492a-bdfb-3a87c057c056,2025-01-11 12:25:18,2025-01-19 21:43:48
15,dmiller@allison.com,p5Szx7Sz+J,Denise,Welch,admin,https://placeimg.com/970/706/any,(457)266-9219x7007,verified,745474d7-b40a-4e4f-9384-56cbb2d133c5,2025-02-20 08:22:16,2025-02-11 22:14:35
16,joshua65@hotmail.com,+9GEAi2HC2,Jenna,Robinson,admin,https://www.lorempixel.com/905/95,344-023-8683x28978,deleted,e0a41304-56e0-476a-ab17-d2ef8214e087,2025-04-29 16:19:38,2025-03-05 12:42:38
17,ipacheco@payne.org,joz9O&TcE^,Kevin,Chan,admin,https://dummyimage.com/817x640,+1-872-488-2634x7577,deleted,b94499ee-ce7c-4085-a59f-325017c795be,2025-02-18 12:02:55,2025-01-09 09:20:45
18,jdouglas@sanchez.org,2%0BZSryJD,Christy,Mcdaniel,service_provider,https://placeimg.com/423/79/any,205.882.9608,fresh,c90eee46-c448-4a76-9ead-916d9edd2f65,2025-04-06 04:11:18,2025-03-19 01:15:04
19,kzamora@duarte-roman.biz,!%Evu9no9@,Ricardo,Chapman,service_seeker,https://www.lorempixel.com/474/847,(314)505-9318,suspended,92d21425-6e86-4c71-aabb-20073b8a008e,2025-03-26 04:42:34,2025-03-21 11:49:22
20,reedelizabeth@robinson-sanders.com,HO909rccq!,Charles,Yates,service_provider,https://placekitten.com/186/478,001-781-260-2689x10353,deleted,f8f8e6d2-76be-4278-bef2-b3128244b0d1,2025-04-20 01:48:44,2025-07-04 06:36:12
21,bentonrichard@bautista-eaton.com,cOLRx(2H*4,James,Chan,admin,https://www.lorempixel.com/731/842,+1-259-714-3477x156,verified,26e41a42-fa14-4863-826a-6682520ae089,2025-03-26 18:16:08,2025-06-12 07:12:46
22,lyates@yahoo.com,Pe0u2GEn5#,Mackenzie,West,admin,https://placeimg.com/467/962/any,(876)755-9115x1779,deleted,0d82cf1d-ec01-4ff3-a47d-8587a0f66177,2025-01-22 10:11:50,2025-02-01 17:42:50
23,wyatt84@daniels-moore.biz,eCo0OY&s#),Theresa,Schultz,service_provider,https://www.lorempixel.com/1004/969,+1-335-284-4173x572,verified,70b61216-99f4-4896-9200-f2d9088ebcb8,2025-03-01 01:25:43,2025-03-05 15:21:48
24,smithmike@sloan-perkins.org,^qB37Jp%3(,Kimberly,Miller,service_provider,https://placekitten.com/284/673,669-235-8877x3379,verified,25ffa87d-702f-45f9-9c0a-2464324d860d,2025-05-08 05:40:33,2025-04-30 12:43:27
25,breannaandrade@everett-arroyo.net,Z$Et8P@g3r,Ryan,Warren,admin,https://placeimg.com/510/739/any,(718)143-1738x5137,fresh,f6c9061f-af53-47bf-a787-de87df2bafab,2025-06-06 05:43:39,2025-07-06 03:13:30
26,rogersdenise@yahoo.com,&M4a3DOk&Z,Steven,Garza,service_seeker,https://www.lorempixel.com/218/658,031.775.8767x0704,active,feefd628-5713-4b88-8385-dc31d342a96b,2025-03-21 06:26:52,2025-05-21 04:20:33
27,qjohnson@hotmail.com,(q9dRLbq33,Jennifer,Brooks,admin,https://placeimg.com/230/715/any,229-171-1859x08641,verified,c0627f75-b0f8-4e70-8059-1cc95dcb87e9,2025-06-09 04:11:09,2025-03-25 03:07:39
28,kristin56@yahoo.com,d53P^eWB(u,Tammy,Johns,service_seeker,https://dummyimage.com/186x185,(111)004-4271,deleted,0da323db-8a8f-46e6-9d52-dbbcfd348d5a,2025-01-08 07:37:29,2025-02-26 15:59:04
29,dennismartin@ward.com,1T9YyDR&E!,Alexandra,Schultz,service_provider,https://placeimg.com/34/629/any,+1-835-959-6715x6621,fresh,792f1296-fe6c-49ba-95ca-70deb25ff759,2025-04-24 10:39:47,2025-04-19 02:06:20
30,bartonfernando@mcdonald-tran.info,*KYf(xoO8q,Elizabeth,Morgan,service_provider,https://www.lorempixel.com/682/903,185-863-8049,verified,a63088aa-4dd2-4dbb-ab75-57b1ed0186d0,2025-02-12 13:03:57,2025-06-06 03:11:49
31,gonzalesjennifer@hotmail.com,M$1QAoHxoC,Jennifer,Lee,service_provider,https://placekitten.com/922/132,876-926-6118,deleted,aa488b31-dd47-49ea-86a8-320a89e92158,2025-06-10 17:46:26,2025-01-11 03:29:44
32,millsjessica@christensen.com,nA$9Nj2tSN,Lisa,Gutierrez,service_provider,https://dummyimage.com/982x140,+1-799-089-8005x0981,active,ffc76652-b0d3-4a9f-9604-b0686f9015e4,2025-01-11 04:27:09,2025-03-27 11:33:09
33,zscott@gmail.com,v^5nLXBr5o,Isaiah,Rivera,service_provider,https://dummyimage.com/415x1011,(770)440-1426x14862,verified,339e2baa-6f11-47ab-b837-47a89ad6f298,2025-02-18 17:42:21,2025-06-28 07:01:25
34,michelle59@gmail.com,6@497VqhW&,Christina,Decker,service_seeker,https://placeimg.com/699/964/any,527-100-8463x79303,suspended,4ac36a71-03be-41ef-b22e-592558faac6c,2025-06-10 01:19:25,2025-02-24 04:24:31
35,brian38@yahoo.com,(vwcOgct!6,Karen,Johnson,service_provider,https://placeimg.com/946/185/any,208-250-2223,verified,27fe15f7-0a8d-4e2c-8eed-47441f8739f0,2025-04-24 00:59:15,2025-03-22 04:21:35
36,taylorjacqueline@hotmail.com,_8(38QSs+(,Colleen,Richards,admin,https://www.lorempixel.com/974/748,+1-319-761-1538x24261,fresh,632ed1ba-354a-496c-8577-d9ad55dd075c,2025-01-25 07:39:40,2025-06-20 22:38:50
37,awallace@jensen-aguirre.com,cZ6PXom4&z,Steven,Hernandez,admin,https://dummyimage.com/993x856,(887)081-1554x993,active,ad52db51-18c2-4377-918c-a3c0b338bbaf,2025-06-01 03:03:59,2025-07-07 23:16:32
38,arroyoglenn@yahoo.com,@k5K%lC_xE,Jason,Banks,service_provider,https://placekitten.com/262/974,+1-791-168-1702x890,fresh,6d6cd54f-fbc9-4aeb-9e2d-76bc5c3e5b3a,2025-06-01 00:34:51,2025-04-13 01:19:46
39,timothybauer@yahoo.com,058RI4sNW^,Ashley,Beck,service_provider,https://placekitten.com/278/47,838.648.2671,verified,9415fca5-01b2-4e8e-a3d5-c32fc16ca98d,2025-06-22 20:41:14,2025-02-10 20:59:14
40,emilykeith@yahoo.com,0)v07WSe3(,Sabrina,Espinoza,service_seeker,https://www.lorempixel.com/422/573,661-815-6693x3396,deleted,963bd986-7c19-485b-bd82-b06d4cd42573,2025-03-01 22:44:30,2025-04-24 01:45:51
41,ellisjonathan@gmail.com,hLem5SCw3),Jessica,Osborn,service_provider,https://www.lorempixel.com/257/148,+1-706-427-4004x35563,verified,d11e0cd1-2980-4426-94c4-bb6c1ad58dc4,2025-06-03 13:40:08,2025-01-18 09:25:42
42,james27@gmail.com,tq$I5M5nJ),Tara,Tanner,service_seeker,https://placekitten.com/430/804,4851788824,verified,97d208fb-398e-47e2-8986-a827afa6aaf3,2025-02-16 14:00:33,2025-05-11 05:23:17
43,rcobb@parker.com,S9feD)A8$j,Christopher,Lewis,admin,https://dummyimage.com/666x857,709-667-1607x57539,deleted,0ce04715-43a4-41f6-af47-782f33e5763e,2025-07-05 14:20:42,2025-05-23 03:57:57
44,pamela54@miles.com,s1ZATi7N!3,Shannon,Bell,admin,https://placeimg.com/635/534/any,152.335.8213,deleted,617e3a04-c4e3-41c5-bd4b-766974437ac3,2025-05-07 21:34:24,2025-06-26 11:42:32
45,danielskatie@hotmail.com,+J71Go(wG8,Amanda,Allen,admin,https://dummyimage.com/536x508,756.341.9568,active,2d06ded2-19aa-4946-841f-eb63928d3f76,2025-01-08 06:03:47,2025-05-03 14:43:33
46,megan33@yahoo.com,*bY+(3DnZA,James,Joyce,service_seeker,https://placekitten.com/175/940,684.383.7041x11290,active,993482dd-a9fd-4f05-8fd0-708a14fa4a97,2025-02-02 06:29:31,2025-02-15 19:33:14
47,andrewwarner@yahoo.com,cI_1iAreM5,Anthony,Caldwell,admin,https://dummyimage.com/606x544,473-485-8196x9606,verified,96c4eb0e-1df3-4025-8bd2-ffc6b16d926e,2025-07-04 03:39:11,2025-03-06 15:14:49
48,ramoswilliam@yahoo.com,yYWM8xbg*5,John,Neal,admin,https://placeimg.com/226/573/any,001-840-744-1412x32328,deleted,184a187b-3414-4d82-ab2b-ed850191223a,2025-04-08 10:06:17,2025-06-30 11:24:57
49,amandadavis@gmail.com,a&4Wx#LfJh,Jessica,Thompson,admin,https://placekitten.com/562/531,457.399.7576x88875,verified,ce6a2a99-a7f8-4fc0-81e6-e3ccce91db5b,2025-06-17 18:05:41,2025-01-27 16:11:51
50,wrobinson@hodges.com,K$O3UmosRr,Sean,Carpenter,admin,https://placeimg.com/104/975/any,(996)038-8180x576,deleted,a42593c4-0e6d-4739-8077-a2c01c26db7c,2025-03-02 04:16:37,2025-05-21 11:56:20
51,qgutierrez@shelton.com,X*Yx(hpr$9,Ronnie,Mcpherson,admin,https://www.lorempixel.com/947/581,(506)682-3208x7618,fresh,7e41beda-0568-458a-9a74-ab1787c06635,2025-06-27 16:25:22,2025-06-19 23:01:03
52,aaron17@nelson.com,4l2z(4Ilxu,Casey,Reynolds,service_provider,https://placekitten.com/839/874,(018)086-2415,deleted,d19bb407-1d69-46fb-9517-b50163faf239,2025-05-20 20:32:17,2025-02-14 16:27:23
53,yangscott@franklin.biz,!3euIZ#vx3,Troy,Cline,admin,https://placekitten.com/384/982,224.836.4859x680,deleted,32b4b7a9-1f72-4e20-8eb8-f69a0ab12095,2025-02-28 09:18:20,2025-06-18 04:09:29
54,melissamiranda@adams-garrison.com,F+8z9VnkYN,Jessica,Powers,service_seeker,https://www.lorempixel.com/367/195,687-274-9026x506,verified,a0665d7d-6ffb-49de-bcd9-b28b43e1d997,2025-03-18 07:26:13,2025-01-21 07:26:46
55,christinahall@gmail.com,m%KUzf4R$4,Dustin,Soto,admin,https://dummyimage.com/555x546,+1-745-508-2879,deleted,06f17a8b-6d0a-4a11-9628-246acf214950,2025-05-04 16:37:44,2025-06-05 19:37:46
56,cruzsherry@yahoo.com,+_q2OBl6d8,Shawn,Jones,service_seeker,https://www.lorempixel.com/517/487,753.915.5959,verified,08077f55-0d46-4365-b62f-bf3adf783266,2025-01-19 22:32:18,2025-06-12 07:09:18
57,smithbrianna@robertson-sanchez.com,_pH_K5H)e8,Andrew,Brown,service_provider,https://placeimg.com/4/332/any,001-524-550-7357x828,deleted,cf7a7eac-f046-4d20-b03c-41c808e45a33,2025-02-07 09:14:07,2025-02-14 04:24:23
58,hgill@evans.org,wU%2RkmOJ_,Christine,Johnston,service_seeker,https://www.lorempixel.com/418/316,945.318.8351x634,verified,883e53af-3c27-4dbb-b59f-8ad13b7cd607,2025-04-03 19:18:00,2025-05-28 03:58:19
59,lisa77@jones.com,*uR5GKjC51,Valerie,Powers,admin,https://placeimg.com/54/208/any,(657)315-9535x65447,deleted,c3b0c7c1-e502-48b7-a32e-a3c825d6158a,2025-04-21 14:23:18,2025-04-07 06:01:54
60,iramos@wheeler.info,%iTVk%Se(7,Mary,Miller,service_seeker,https://placekitten.com/139/199,109-662-2134x130,deleted,4029e99f-0eaf-419f-ba9f-14d4c46b60b1,2025-06-18 00:57:12,2025-01-05 11:24:04
61,pbrown@fuller-jones.com,+5#VPF1k#D,Sarah,Calhoun,service_seeker,https://www.lorempixel.com/709/787,931.823.8020x357,fresh,15b4f254-0c99-4a7c-99f8-f5b19ef6c42e,2025-06-24 02:21:31,2025-03-06 20:55:41
62,bobby00@rodriguez.com,k73WEbf#B),Tyler,Bell,service_seeker,https://placeimg.com/539/278/any,4177465998,suspended,fd7d37a5-bec5-4548-9a99-06f7128d395a,2025-06-29 18:51:56,2025-05-19 08:27:13
63,morrisdavid@gmail.com,@gp7o9Xu*$,James,Carey,service_seeker,https://dummyimage.com/975x353,(973)668-2580,active,379b59fe-049f-4e44-a55a-85d091e514c7,2025-03-08 14:49:51,2025-03-16 10:40:32
64,umendoza@vincent.net,95IrXRMj&h,Nathan,Evans,service_provider,https://www.lorempixel.com/554/26,540-886-3079x0374,verified,09f6fcba-ff8c-47f5-9158-47b434ca3de8,2025-02-23 12:58:23,2025-03-09 05:40:46
65,zavalamikayla@gmail.com,tMlN1Aj%((,Shawn,Myers,service_seeker,https://placekitten.com/156/73,001-450-358-9595x54035,suspended,b7de26c2-3648-4fe0-8f1d-b8fb1667d2cd,2025-06-26 05:51:16,2025-06-08 12:59:55
66,sarah08@williams.org,qBA2f*Glb&,Emily,Flores,admin,https://placekitten.com/605/753,(153)017-2721x88289,active,0459c2f1-8e36-4889-83c1-c854d56e3dd4,2025-01-20 04:00:40,2025-02-10 16:02:26
67,shannonfrazier@price.com,TY6wchkPw_,Lauren,Nichols,admin,https://dummyimage.com/849x892,(540)026-0096x7692,deleted,fab8d18f-0258-437a-a459-b4b6e9daaaf1,2025-04-20 04:00:34,2025-02-01 07:38:46
68,theresa60@yahoo.com,G2R(J4HeW&,Jason,Jones,service_provider,https://placekitten.com/447/565,978.585.9001,suspended,8f8625f8-298d-4c94-8ba1-dad12f7c264a,2025-04-07 16:57:05,2025-03-10 08:02:36
69,gabriella73@gmail.com,+_GE_xxP13,Robert,Gonzalez,service_provider,https://placeimg.com/894/540/any,527-208-6393x779,verified,896aaad3-e9ee-4aae-8133-1a934ba16e4f,2025-02-28 21:31:07,2025-05-15 11:43:08
70,igrimes@boone.com,kuWopl^(+4,Caitlyn,Roberson,admin,https://placekitten.com/174/464,(873)777-6181,verified,d4f64950-cbeb-4006-be2f-9be2e4163815,2025-06-15 16:20:12,2025-02-10 04:12:21
71,mhodge@fowler.info,1hQ7zEJT_W,James,Simon,service_seeker,https://dummyimage.com/162x149,499-182-7793,suspended,aadcb36e-3511-4bad-8bb1-792525666a71,2025-03-14 13:45:16,2025-05-09 19:39:07
72,randall94@hotmail.com,t+y5NbElph,Susan,Campos,admin,https://placeimg.com/756/1007/any,(172)095-0843x109,deleted,e1e5b0e1-0830-47c6-8884-7f6925ace7ba,2025-06-20 07:09:55,2025-06-08 14:39:00
73,lauren68@gmail.com,*E)1t$Go#B,Ryan,Robertson,service_provider,https://dummyimage.com/313x296,197.846.3649,fresh,b489affa-cb88-4b06-885f-93c763ddcd64,2025-02-17 03:03:49,2025-01-05 20:01:04
74,schneiderscott@bell.biz,&PP579Ryyn,David,Quinn,service_seeker,https://placeimg.com/942/458/any,512-897-4380x6328,verified,70864ab1-897d-4634-8a19-6041fded27b9,2025-03-07 10:12:47,2025-07-05 15:28:25
75,robert23@gmail.com,+M1iEbNfyl,Keith,Horton,service_seeker,https://placeimg.com/398/96/any,107-035-5390x2364,active,f72a6e72-629f-4bdb-b4f7-4dec4c0413da,2025-05-27 10:11:49,2025-01-26 10:36:14
76,williammack@brown-caldwell.com,(mu@!1Fp_f,Alison,Melendez,admin,https://dummyimage.com/967x471,001-999-951-7250x1442,active,4fefe4ca-8a16-4d34-adbf-286437a3dafa,2025-04-13 02:58:09,2025-04-01 20:10:34
77,bpalmer@hudson.com,^%CGczv43O,Tina,Bates,service_seeker,https://placeimg.com/781/906/any,909-458-8398,deleted,0830aa95-8da6-4eaa-8a5b-3fbf6163a5d0,2025-03-06 09:01:43,2025-07-06 13:54:23
78,ymiller@yahoo.com,1uLhLeuY*j,Michelle,Johnston,service_seeker,https://placeimg.com/488/515/any,(800)374-1218,suspended,e1bbe162-792a-4e70-92f1-638c7d1043dd,2025-01-01 20:55:54,2025-02-09 10:21:52
79,pauldavis@brown.com,vdLA+Vg1*1,Carla,Reilly,service_seeker,https://placeimg.com/164/535/any,+1-946-002-6495,verified,e9a65378-e28e-42bb-ba94-33b0c33f8fdb,2025-03-17 09:58:11,2025-03-31 07:23:11
80,tammie47@turner.com,F$5O_NwGrG,Debra,Robinson,admin,https://placekitten.com/53/766,186-212-1686,deleted,b1feb1fc-535d-4866-85a7-4c57faa55a37,2025-06-19 23:50:44,2025-03-24 15:42:25
81,christopherforbes@hotmail.com,ZsS7snJU#6,Ashley,Wall,admin,https://placeimg.com/40/124/any,+1-406-609-9241x74121,verified,93ed9b50-7948-445b-93f6-1c71494c38ff,2025-03-18 22:23:56,2025-05-27 13:52:06
82,lisa88@gmail.com,T#3OE3BvpW,Anthony,Vasquez,service_seeker,https://www.lorempixel.com/216/28,001-006-492-9864x667,verified,10e0ed64-8952-4bf8-90eb-e72ac4384f0c,2025-06-28 23:53:20,2025-06-04 12:59:00
83,leonrebecca@gray.net,!4LS0LeK1G,Patricia,Taylor,service_provider,https://www.lorempixel.com/577/810,057-589-7787,suspended,0ed94739-a78b-4c86-aa9d-46312bc5f4e6,2025-04-05 10:19:05,2025-01-10 16:02:18
84,knappchad@gmail.com,P74VE+dS!@,Audrey,Ferguson,service_seeker,https://placekitten.com/819/135,(912)365-2117x1264,verified,85c9fb55-3db4-41d8-a470-565b0e5ede75,2025-03-12 00:00:37,2025-01-17 21:46:48
85,danny58@yahoo.com,+2sXUAUqGm,Patricia,Bishop,service_provider,https://www.lorempixel.com/479/472,001-952-468-7341x85157,verified,c87a7c18-ef5e-4ac2-b2ee-e28a06fe895c,2025-05-10 09:34:15,2025-04-26 04:46:24
86,teresabrown@yahoo.com,c22Sx7I^_1,Latasha,Davis,admin,https://placeimg.com/382/595/any,001-122-253-9851x57240,suspended,43388636-3e39-46ed-b721-de082f2f1525,2025-03-27 21:54:48,2025-03-13 10:05:10
87,susan73@wilson.com,)8B6QY@J)z,Katie,Munoz,service_provider,https://placekitten.com/389/129,437-216-2841x529,verified,135ced2f-94ba-4fe8-a441-d061c79badd8,2025-01-27 18:10:58,2025-05-10 18:28:35
88,mackderek@greene.org,$k2DVOam)F,Louis,Best,service_seeker,https://placeimg.com/565/961/any,+1-647-117-8577x844,suspended,8beb7424-bde0-4c72-b3d1-e937bc41cd82,2025-01-07 20:33:41,2025-06-20 22:35:03
89,stephaniebenjamin@taylor.com,bZ$4PT2i#z,Troy,Williams,service_seeker,https://placeimg.com/895/131/any,001-883-071-2760x7817,deleted,427aca28-23d5-41d2-9c04-475bbe14c5e9,2025-06-18 08:17:46,2025-02-10 11:40:16
90,sean67@booker-brennan.com,)BH8(ZWf6),Jeremy,Everett,service_seeker,https://dummyimage.com/861x580,(587)875-1569x3367,fresh,15d47e2d-cc34-4a34-beeb-74d24c7fc224,2025-06-22 04:00:12,2025-05-10 22:31:21
91,jonspencer@hotmail.com,*1fhILbiio,Gregory,Gonzalez,service_seeker,https://dummyimage.com/765x255,147-179-1943x0218,verified,fe053104-b1dc-4cd1-bd74-c18893dbec72,2025-01-28 12:36:31,2025-05-11 02:06:49
92,rlynch@hotmail.com,%tgEBC2Nv0,Robert,Marks,service_provider,https://dummyimage.com/937x901,001-902-535-4978x544,deleted,e45511b5-ab88-45db-bf80-203b87e81916,2025-06-25 00:50:33,2025-04-20 12:43:00
93,michelle05@robinson.com,@jKuWUjsi4,Daniel,Farley,service_seeker,https://www.lorempixel.com/478/569,582.052.0347x8377,active,bb5c674c-bbbf-400c-a51d-ef3b643536eb,2025-03-22 03:17:45,2025-04-22 11:14:07
94,aliciasingleton@carroll.com,g4^Q@R+q#S,Mason,Rodriguez,service_provider,https://placekitten.com/21/925,+1-488-747-8875x02726,active,b57d323c-4009-4213-99b5-b2058da6020f,2025-03-09 19:34:08,2025-03-01 19:30:10
95,bergjohn@gmail.com,))3pAkpq%$,Claire,Hernandez,service_provider,https://placekitten.com/231/955,716.328.7577x1238,suspended,425ed68f-e02a-4381-b577-a3c0230952c7,2025-04-01 22:49:15,2025-03-05 15:31:55
96,jacobsonjared@sheppard.net,47C3Vf+i*4,Whitney,Roberts,admin,https://dummyimage.com/445x666,328.864.7485x37734,verified,777ca445-2a28-4936-b2d7-70662e3eda94,2025-02-14 02:03:03,2025-01-31 18:25:24
97,riosmichelle@khan.info,1sf6YBAnc%,April,Smith,service_seeker,https://placekitten.com/924/890,001-722-686-6265x095,fresh,46481765-32c5-4a55-bd00-6a7057d0b3f8,2025-05-20 17:53:31,2025-01-01 00:06:55
98,jgomez@lee-wood.biz,839kXKHn$_,Steven,Ellis,admin,https://placekitten.com/76/317,408-352-1709x765,deleted,5ccb0840-96d8-48ea-b195-825ed2b81d86,2025-04-21 09:37:53,2025-02-26 14:38:04
99,pbradford@yahoo.com,!8AXoMcWLf,Jessica,Cox,service_provider,https://placekitten.com/34/137,406.662.5257x13640,active,5d45ee09-12d2-47c1-b2fc-ed8923327238,2025-06-10 20:20:13,2025-05-15 15:30:17
100,jeremy65@gmail.com,)I#*6GAbSH,Cathy,Clark,admin,https://www.lorempixel.com/115/458,467-099-7759x22688,verified,2e11b242-8a9f-4fc2-8591-f679994d19cc,2025-03-17 10:33:08,2025-06-30 20:27:23
101,reneebrown@hotmail.com,%l1kqVPqoF,Heidi,Woodard,service_provider,https://placekitten.com/209/779,1949441091,fresh,e38e7c30-9ef2-4d7d-9b18-1556ef378e17,2025-05-24 00:42:38,2025-02-02 11:30:41
102,qmartin@yahoo.com,2^Ner8(alQ,Catherine,Rogers,service_provider,https://www.lorempixel.com/645/762,+1-919-272-6855x914,fresh,766c269b-8687-459c-8446-c243f23e8443,2025-05-10 04:13:17,2025-04-23 05:15:11
103,jonesmichael@soto.com,G#uF05Wdsl,Angelica,Saunders,admin,https://placekitten.com/416/163,722.117.6184x91551,deleted,0390d86e-08ea-4820-bfef-c67d2639c681,2025-04-25 09:35:48,2025-07-06 09:40:21
104,carlos25@hotmail.com,3r^69AUz+J,Mary,Lewis,service_seeker,https://placekitten.com/714/168,058-965-2025,suspended,5fa14714-14c5-476b-bfa8-a07427f916bb,2025-05-01 09:29:57,2025-06-02 01:10:33
105,anthony91@cantrell.com,^JBexfa(^4,Angela,Velasquez,admin,https://www.lorempixel.com/684/546,536.857.3488x6948,verified,92fb1116-12ce-4e8c-94c6-1589db551c2c,2025-02-23 02:16:59,2025-05-09 16:55:59
106,james05@mcbride.net,+7RLC7OxbA,Amanda,Graham,service_seeker,https://www.lorempixel.com/57/267,648-439-7704x895,suspended,da5aa822-b1f8-426d-a376-defcf8ad9618,2025-05-08 00:33:41,2025-01-21 04:06:45
107,sharonsmith@yahoo.com,)6&lpsGI_n,Matthew,Roach,service_provider,https://dummyimage.com/716x418,542-874-3188x2806,fresh,51bb6b44-2862-4b1f-a72d-237a1af33813,2025-01-17 18:32:47,2025-03-08 19:21:02
108,ynichols@yahoo.com,Bb7Djth5@t,Toni,Wheeler,service_provider,https://placeimg.com/894/509/any,044-037-0945,suspended,d8d4f4eb-a60c-4436-9e3f-7655d0a3e75d,2025-01-20 00:32:54,2025-01-30 11:10:53
109,pvelasquez@hotmail.com,#KeHn1Fdol,Stephen,Holt,admin,https://www.lorempixel.com/428/271,001-333-128-1106x02357,deleted,6757fede-f7f9-4aaa-bc43-48c1a6cb69da,2025-01-05 18:51:59,2025-04-21 02:03:48
110,whitejoshua@hotmail.com,s4yRGdFd^K,Gregory,Powell,admin,https://www.lorempixel.com/275/439,502.700.3484x626,suspended,c0481c89-b18e-4a90-9440-2320df2d3b78,2025-01-19 12:43:26,2025-05-23 22:29:25
111,kelly86@hotmail.com,!#MrVyJp+5,Kristina,Neal,service_seeker,https://www.lorempixel.com/413/204,+1-406-338-2229x821,suspended,6ed14587-5c98-42f9-8395-8548cf951225,2025-05-21 20:42:40,2025-07-08 02:38:52
112,smithphillip@daniels-hoover.com,#fPkynEFu2,Laurie,Sanchez,service_seeker,https://placeimg.com/606/606/any,(499)602-1400x406,deleted,07ea1868-3cbc-4fd9-b981-8219339d555b,2025-03-07 07:38:09,2025-06-28 15:06:17
113,jeanettestephens@white-nelson.com,W4DItD9p^Z,Heidi,Townsend,admin,https://dummyimage.com/195x902,001-298-286-4665x419,fresh,e9afbcb9-f462-4c71-9ed1-2cee3825aa9c,2025-05-05 13:53:23,2025-06-20 17:41:21
114,nicholas22@howard-lester.biz,^#7BU&hw14,Patrick,Davidson,service_provider,https://placeimg.com/744/291/any,001-427-971-5833,deleted,fd33a381-127e-4349-a6e0-92a5fc33634b,2025-04-06 21:03:47,2025-01-23 12:45:38
115,jacobsonmichael@yahoo.com,asS3G6qP8),Jonathan,Salas,admin,https://www.lorempixel.com/13/278,+1-919-936-5525x20681,active,ff8dc964-7dc8-4318-b691-df394cdd7d30,2025-06-30 12:09:27,2025-06-07 18:21:40
116,nielsenjacob@hotmail.com,s!4hrUsN$G,David,Mills,admin,https://www.lorempixel.com/108/761,926.806.0105x9852,fresh,3d821d2d-6f96-40ab-9770-780e285b4c15,2025-03-29 20:37:36,2025-06-27 11:36:44
117,aaron77@yahoo.com,6F0v*DHd$E,Christy,Cunningham,admin,https://placekitten.com/757/222,(543)104-0675x74722,fresh,70676497-f105-4507-a0fc-ccf0bbd4ecef,2025-05-25 00:38:52,2025-02-23 11:29:40
118,nwells@gmail.com,$ymR9AefL0,Rickey,Ortiz,service_seeker,https://dummyimage.com/828x792,268.710.5900,deleted,cb524205-9f17-4b2f-8345-ab20af7d2a70,2025-05-09 05:54:31,2025-02-04 05:33:24
119,creese@boyd.com,6__#qTD!!s,Kenneth,Harris,admin,https://www.lorempixel.com/952/780,+1-309-731-9147x781,suspended,e82a5b1b-5f90-4a11-af19-89c0191efcad,2025-06-23 04:53:44,2025-03-26 14:17:26
120,kelseyavila@harper.com,(5!pf%IlC@,Robert,Sanders,service_provider,https://dummyimage.com/1019x640,955.813.4990,suspended,1a02ab57-279c-4778-82bb-30211ce029df,2025-07-05 11:11:37,2025-03-30 14:50:58
121,jclark@hotmail.com,%s2wIadPs6,Jennifer,Thomas,admin,https://placeimg.com/174/726/any,(010)428-4775x0040,deleted,d530b60e-5d64-4303-8751-210f22dea3e5,2025-06-21 18:27:25,2025-07-06 19:46:27
122,martintimothy@heath.com,3nw8FvvlB#,Rodney,Davis,service_seeker,https://dummyimage.com/957x689,701-890-5905x09518,suspended,eba485c7-8509-4120-89c2-d2838afe3d8f,2025-05-03 16:53:22,2025-04-27 11:56:43
123,paulbrown@gmail.com,+%!3Q4Pbdb,Timothy,Hayes,service_provider,https://placekitten.com/68/20,+1-428-356-5235x4298,fresh,5908a81d-467e-49f5-9ba4-fc1f9bcf84dc,2025-06-25 15:31:38,2025-05-29 02:36:38
124,rachael20@yahoo.com,#Zb3U_Bv^6,Timothy,Finley,service_seeker,https://www.lorempixel.com/791/595,017-192-2556x83101,suspended,2d611ef1-9c41-4d83-9e57-2a499bba3a00,2025-05-19 04:37:49,2025-01-13 12:32:26
125,idavis@gmail.com,)1O^sPwl+J,Steven,Gonzalez,admin,https://www.lorempixel.com/256/827,6084733006,deleted,aa6ab882-68f9-4185-a887-e846ecb58cd1,2025-01-25 20:52:49,2025-05-14 19:19:53
126,lawrencejoshua@diaz.com,%y!Qr2Ig$i,Thomas,Hamilton,service_provider,https://placekitten.com/417/898,(769)758-9949x8262,deleted,1b7d73f5-2260-4f35-93e3-1c5a20039d6d,2025-02-12 07:24:29,2025-01-01 06:32:54
127,jmiller@randall.org,8Q(5+GjKqJ,Alexa,Patel,service_provider,https://placekitten.com/447/562,(581)661-9719x96940,verified,8252df68-3b13-4491-ace7-cf2febf490b1,2025-06-16 00:21:44,2025-05-16 06:29:52
128,moorejason@andrews.com,85sRKlBh!l,Jennifer,Garcia,service_seeker,https://dummyimage.com/715x959,977.922.1508x2052,verified,664fc6e6-4184-4a41-906f-cba7ba943891,2025-06-06 20:32:37,2025-05-14 22:25:09
129,travis25@mcpherson.com,@4A4qYv9@x,Dennis,Miller,service_provider,https://dummyimage.com/734x680,(390)681-0411,verified,72a4084e-90ba-42e1-978e-b83c80bd45db,2025-04-14 08:00:15,2025-03-21 17:09:24
130,hollandantonio@gmail.com,)jZm0C&o*s,Jeffrey,Malone,admin,https://placeimg.com/783/598/any,903.663.8585x227,verified,929ca699-6671-45f0-9f39-b0fa7a66e3be,2025-03-11 09:29:37,2025-07-03 19:54:54
131,ortizmegan@gmail.com,NZ_w6ZKeM#,Rhonda,Flowers,service_seeker,https://placekitten.com/321/561,001-170-870-7981,suspended,7958a712-b754-4a3c-ad40-6492c7ace904,2025-05-22 05:27:45,2025-07-01 05:46:16
132,briandavis@peterson-nash.com,l_3OlBXv3V,John,Bradley,admin,https://placekitten.com/991/759,001-079-950-2952,verified,76b3ddd4-0a6a-4b27-8f33-088c22888d08,2025-07-04 05:49:09,2025-02-05 04:56:13
133,eprince@hotmail.com,SK(08OoR#P,Stephanie,Walters,service_provider,https://www.lorempixel.com/87/299,+1-101-515-1997x46731,suspended,8ecd7d49-f0ea-4c4e-bc37-987c8bbe6038,2025-07-01 14:01:38,2025-03-09 09:42:11
134,jameskeith@hotmail.com,)c1JEcwcEb,Dominique,Chase,admin,https://placeimg.com/592/794/any,+1-978-175-8282x106,suspended,2f542d0e-78d6-42b8-9225-5285a3d544ae,2025-06-28 07:36:21,2025-01-29 03:06:01
135,guywest@martinez.com,X3Ovvpmg_J,Joel,Norris,admin,https://placekitten.com/141/487,825.457.1364x29967,fresh,70bf79d1-1c7c-4d7c-a461-f7b299bc4187,2025-06-30 05:08:16,2025-05-12 12:04:14
136,hughesmadeline@hotmail.com,N!5QlQTqmC,Joe,James,admin,https://www.lorempixel.com/95/584,(552)076-0334x67490,fresh,a456d0b4-ae9a-477d-aaa8-aec1493fbe7f,2025-01-25 12:35:57,2025-06-21 08:38:04
137,gayala@yahoo.com,Kk1+u7Yj(M,Valerie,Hubbard,service_seeker,https://placekitten.com/170/437,(086)877-8410x042,suspended,77d6a8d7-a1d9-4a04-a7f0-5ebb25791e59,2025-03-27 22:06:32,2025-03-12 00:30:53
138,markburns@hotmail.com,G)87F&q5Ug,Katherine,Skinner,admin,https://placeimg.com/298/1017/any,470-102-8461x16476,verified,5d09a6b6-cba6-40a5-ab1f-e4091ea2876b,2025-02-07 04:10:12,2025-05-21 15:26:20
139,hcabrera@rhodes.com,qXNF0Usl1^,Carla,Tapia,admin,https://dummyimage.com/227x762,053-817-9069x9923,suspended,0c021b3d-464e-4b02-94a8-86644b3da6b7,2025-04-07 11:06:28,2025-04-23 11:43:55
140,iromero@hotmail.com,ha_42SKx_P,Adam,Gomez,service_seeker,https://placeimg.com/628/136/any,523-994-3620x777,verified,8350b971-c3b7-4467-a621-052a17e9c51f,2025-03-31 20:33:05,2025-04-23 14:59:18
141,sandovalronald@salazar.org,7f)E3SHi2X,Steven,Lang,service_seeker,https://www.lorempixel.com/588/247,(631)923-1899x94642,fresh,028da4be-36bd-4765-ad5c-d2638c427a93,2025-02-01 13:31:56,2025-05-25 13:24:22
142,patrick40@gmail.com,@^Z@F6cd9x,Leslie,Robinson,admin,https://placekitten.com/189/583,001-934-190-5462x43028,deleted,2ce98c38-23ce-48d2-80e0-810b7222ff83,2025-06-01 00:47:34,2025-05-12 08:01:44
143,fcrawford@reid.com,%1PcM$$mkD,Cynthia,Cox,service_provider,https://placekitten.com/1008/836,(049)976-7114,fresh,8b82545c-cb2e-43f8-beca-8327f938a195,2025-07-02 21:37:50,2025-01-08 03:19:12
144,copelandgloria@wyatt.com,qCIM6czmb^,Kathy,Wade,admin,https://www.lorempixel.com/950/591,(564)668-0636x2198,suspended,ab0ddc95-08b9-4b74-8f4f-b4208b9973c0,2025-03-04 18:55:45,2025-05-29 09:53:32
145,rhines@yahoo.com,y!!ze6Go)*,John,Kirk,service_seeker,https://dummyimage.com/774x137,+1-879-847-9046x28268,verified,4a821f82-f926-4ec3-bc11-2a19cadc0dee,2025-04-01 19:42:17,2025-03-31 17:24:49
146,yturner@welch.biz,@(*Ur5h@Q1,Johnathan,Green,service_seeker,https://placekitten.com/953/936,(200)979-3522,active,114dc866-0291-406a-8a2b-ad40c671775b,2025-05-11 20:42:17,2025-01-23 03:45:08
147,yleon@yahoo.com,#0KYhg0mYf,Charles,Johnson,service_provider,https://dummyimage.com/255x1022,(811)007-2203x9857,active,4fe61f2a-f9e8-4e43-9314-3441fc5f92b8,2025-06-04 12:18:29,2025-03-23 21:38:13
148,marcgraham@gmail.com,reh%FBt$#7,Nicholas,Marshall,service_seeker,https://dummyimage.com/629x41,732.065.3208x596,active,f2dd9e8d-1a19-460a-814f-c7c90351661a,2025-02-01 09:12:13,2025-04-15 03:03:04
149,padams@gmail.com,gNM$3R*g0#,David,Coleman,service_seeker,https://www.lorempixel.com/425/100,827-745-5716x5751,deleted,e7206578-3c40-4f85-b853-7e7f7a378dc6,2025-01-14 16:06:14,2025-05-04 16:37:07
150,edward22@jimenez.com,jvv6QhJRt#,Matthew,Beard,service_seeker,https://placekitten.com/651/506,001-232-334-8614,verified,e23ce07e-f8c2-4471-bb02-65e1cbe4890e,2025-02-12 04:01:30,2025-01-14 22:55:06
151,ihowe@gmail.com,$2)H_)4VsM,Brooke,Rodriguez,service_provider,https://placekitten.com/739/872,258.435.8025,deleted,7df2c77d-61c4-44be-9413-26e11811e65c,2025-03-06 21:38:56,2025-02-20 09:17:00
152,christophergibson@hotmail.com,fq6Eghw_n$,Jacqueline,West,service_provider,https://placekitten.com/304/813,001-535-817-5837x758,suspended,f6e2f636-1a39-404a-84c4-764566f60972,2025-06-06 07:22:47,2025-02-18 04:41:18
153,whitebailey@yahoo.com,tw3DYiFL%F,John,Sanchez,service_provider,https://placeimg.com/782/680/any,(190)477-8262x94891,fresh,8c3d64fa-dd3e-4bcb-8f5d-7d8c7ca21e9e,2025-01-30 17:43:23,2025-07-08 09:56:08
154,wendypayne@hall.com,+am4EMfziV,Lori,Mendez,service_provider,https://dummyimage.com/906x742,648-619-8767,deleted,b5c133f3-36a5-4199-9453-8b216a1d5203,2025-05-17 14:43:41,2025-04-13 03:56:38
155,uroberts@yahoo.com,zGY9JWef&E,Melanie,Klein,service_seeker,https://dummyimage.com/398x735,055.118.6241x369,suspended,6b084b74-1e8f-420a-9ae4-eaeba916727e,2025-06-16 15:26:55,2025-04-23 03:24:02
156,joshuagonzalez@hotmail.com,2Cg6Xspuq_,Wendy,Roberts,service_seeker,https://placekitten.com/114/926,001-635-582-8969,suspended,b3715b7e-489a-43d5-a970-513d7000db68,2025-06-03 08:09:21,2025-01-31 00:23:50
157,heathdanielle@hotmail.com,1#7eVxuQe_,James,Myers,admin,https://placekitten.com/303/650,001-366-551-2600,suspended,66e3bf94-de9f-4c8a-8d89-a5608d8ca905,2025-05-27 01:03:58,2025-02-17 07:03:37
158,reneewalker@gmail.com,Vi2H6V*i)C,Franklin,Sherman,service_seeker,https://placekitten.com/34/582,(575)535-6070,suspended,5cab7104-255f-4a4a-a888-24a1f425dc77,2025-06-26 03:11:31,2025-05-20 03:28:13
159,alexander99@graham-harris.biz,I!0FR$Hg%r,John,Dorsey,service_provider,https://placeimg.com/184/756/any,686-403-9585,deleted,97da6048-a66f-412f-ab30-21b5b03c5179,2025-05-02 19:06:49,2025-04-12 01:37:13
160,natashaterry@hotmail.com,f9v#zPGm_u,Gina,Hanson,service_provider,https://dummyimage.com/646x33,(378)504-5675x1722,active,4991c824-248d-409a-a11b-aed98f8b4d2e,2025-06-02 19:30:28,2025-02-09 19:01:13
161,lauren02@harris-alvarez.com,(K0&wG&tn(,Paul,Shah,admin,https://www.lorempixel.com/212/611,085.532.6680,deleted,8d395a00-eed3-4135-a746-0bf31887db8b,2025-06-12 02:13:37,2025-06-04 22:11:41
162,melissaramirez@yahoo.com,q^4bnDPuqY,Mercedes,Campbell,service_seeker,https://placekitten.com/932/775,324.468.3833,fresh,5a2f73af-a798-4f85-83de-0bca46af71d8,2025-07-09 00:50:03,2025-03-26 04:57:00
163,brandi58@fernandez.com,_&Je2lnMv8,Benjamin,Phillips,service_provider,https://placeimg.com/920/32/any,001-288-444-1671,fresh,c24aa774-af51-4915-a70e-95080a9b8991,2025-03-17 17:48:30,2025-05-22 02:40:27
164,paul51@hotmail.com,BQwl9tAo(5,Lauren,Cooper,service_seeker,https://placekitten.com/101/649,+1-447-772-4533x001,deleted,b88b33c4-866c-430d-97af-fef088d653aa,2025-06-18 16:31:56,2025-03-12 04:19:41
165,cruzchristine@moore-roberts.com,)y7Pfdo*48,Jennifer,Williams,service_seeker,https://dummyimage.com/934x823,(598)694-6424,active,817b2fcf-198a-44d0-9e94-de4f2c33afe7,2025-04-28 17:05:27,2025-06-30 06:16:38
166,ericksoncrystal@neal.com,Nw9qoW1j%B,James,Sanchez,service_seeker,https://placekitten.com/745/731,065-463-7703x050,fresh,8094d0fe-0dee-483e-ace1-a51a5f3dd228,2025-06-23 13:05:55,2025-02-19 23:10:55
167,evansrachel@gmail.com,)ytBp8MgE@,Mary,Mitchell,service_seeker,https://placeimg.com/386/171/any,001-450-419-6241,suspended,85f15e57-512d-42d8-b3b3-ef2cec80f67c,2025-06-03 08:08:13,2025-05-25 09:34:35
168,lauragarcia@conrad.net,)0jFUO$be!,Richard,Flynn,admin,https://placekitten.com/372/137,471.582.3746x549,deleted,4812655d-f42b-42ae-86c3-014f402d5ab4,2025-01-17 12:43:56,2025-03-17 04:49:47
169,james17@brown.com,47O98Eil)9,Claudia,Nichols,service_provider,https://www.lorempixel.com/687/266,+1-065-142-7091,deleted,5f4ccb39-9b50-44d3-b041-363686070149,2025-06-20 16:50:44,2025-05-05 18:50:42
170,thomas65@hotmail.com,L2fR0tft)r,William,Sanchez,service_provider,https://placekitten.com/427/345,001-492-003-8691x7052,deleted,18481385-9620-4e85-9b43-63fae4cf314c,2025-02-14 08:33:25,2025-04-08 18:23:52
171,llopez@cochran.info,+80HNnyIub,Aaron,Roberts,admin,https://www.lorempixel.com/563/807,001-934-079-5260,fresh,c1cdc8af-3e5b-44df-ba16-18e414930229,2025-04-11 16:55:53,2025-03-13 15:26:50
172,ericadawson@vaughn-holmes.info,e@lC9kNl_Z,Michelle,Li,admin,https://www.lorempixel.com/739/167,(205)485-0927x9381,deleted,6934f8df-fe20-43d7-8896-883cc99a8ee6,2025-05-28 02:21:18,2025-04-04 08:31:29
173,alisonmitchell@peterson.com,)7jDPbSy$b,Denise,Wells,service_provider,https://placeimg.com/120/54/any,(613)718-1533x31790,active,1421aa7c-b93e-47a7-af4e-bd4e63a15fe6,2025-04-03 12:31:30,2025-07-06 15:23:11
174,margaret56@hotmail.com,gd8KorfZ^y,Karen,Wheeler,service_provider,https://www.lorempixel.com/635/676,890.048.7332x167,suspended,2134e265-3a20-47d8-a45c-0f0eaff26276,2025-03-31 16:19:58,2025-02-17 06:38:14
175,mary18@caldwell.com,$)3Q3jodOK,Connie,Sanchez,service_seeker,https://placekitten.com/128/35,+1-724-445-9806x70272,verified,95f49cf7-cb40-43c0-9159-729f34bee3ca,2025-01-13 15:55:33,2025-04-14 19:07:27
176,lsantos@gmail.com,N)gXJPQgv5,Kristi,Clark,service_seeker,https://placekitten.com/438/885,001-337-417-4565x802,verified,29d99d19-f053-4c35-8079-4f8184d280ce,2025-05-05 10:55:30,2025-05-18 03:16:57
177,oshaw@yahoo.com,!rgExIV!$4,Jonathan,Miranda,service_provider,https://dummyimage.com/89x981,001-497-039-7196x3579,fresh,1d8c4ef4-9bbe-4bdb-9919-277eadf380c8,2025-03-09 17:16:34,2025-04-05 17:36:00
178,chad99@davis-johnson.com,qdD1EFNi(3,Paul,Jennings,admin,https://placekitten.com/344/686,001-376-646-2050x53725,suspended,ac242ff6-e8ea-44dd-ab76-9cec619dd97d,2025-05-13 03:24:01,2025-03-07 05:58:59
179,swatson@gmail.com,O2Cc%YrL^w,Vanessa,Brewer,service_provider,https://placeimg.com/489/330/any,(722)864-8195x13794,deleted,d713c36f-cc97-4e24-9777-16dc0dd159a1,2025-04-14 09:59:32,2025-04-07 03:59:22
180,castillojames@hall-may.biz,$sSWgNnYk3,Leslie,Webb,service_provider,https://placeimg.com/972/899/any,001-317-761-0520,verified,034ab82d-ae3c-4f6a-b57c-6b22f3a2be04,2025-02-01 09:06:49,2025-01-18 21:19:10
181,dgonzalez@glover.com,6X2RZv45&7,Derek,Robinson,admin,https://placeimg.com/236/209/any,001-880-854-7932x44787,active,966f2ec5-f812-4788-832d-c8295319540f,2025-04-21 23:57:58,2025-06-18 07:00:39
182,kristenspencer@baker.com,h1FigF03@a,Derek,Gillespie,service_provider,https://www.lorempixel.com/339/527,361.412.5906x316,fresh,476b55c4-e4e6-42ea-837a-db44bcd36586,2025-02-11 02:20:35,2025-06-09 12:16:10
183,donald87@mendoza-roberson.com,qaIE9awX@0,Jennifer,Ferrell,service_provider,https://www.lorempixel.com/1023/400,571-176-5526x176,fresh,a9703b93-8336-4155-86ba-c9f07da0674a,2025-01-21 02:55:28,2025-01-05 10:05:29
184,wanderson@yahoo.com,J8sMKYaG&t,James,Moss,service_provider,https://placekitten.com/105/730,001-028-217-0908,fresh,7ec0bbcc-3dcf-4d47-9b88-89a6bebe60c6,2025-04-30 13:23:15,2025-03-13 04:35:21
185,connieday@curtis.biz,_!6Ro#UElg,Erica,Rich,service_provider,https://dummyimage.com/453x670,411-562-3132x8070,deleted,a63667f2-5336-476e-957e-fa5683e818d4,2025-04-12 20:08:39,2025-03-10 11:31:15
186,allenolivia@hotmail.com,7_9u3WZl_9,James,Johnson,admin,https://placeimg.com/55/998/any,023.484.5640,active,fe40ce5e-4997-4ce3-86fc-c30c803b2b42,2025-03-07 11:08:13,2025-02-13 22:55:41
187,cynthiablake@terry.com,9(*9lXpzf),Joshua,Bennett,service_provider,https://placekitten.com/278/566,001-168-566-4730x14940,suspended,7c1998d8-b831-49f2-be3b-9a2ff311bc9d,2025-05-16 12:49:34,2025-02-27 06:56:55
188,phillipsmarc@hotmail.com,+jUVpxJ2x2,Katrina,Thomas,service_seeker,https://dummyimage.com/314x814,(892)266-0296,deleted,319e3572-bf07-4408-8820-7a7cc06a7795,2025-04-15 01:06:34,2025-04-19 12:24:06
189,ana91@page.com,19P$oD+0_F,Amy,Bailey,service_seeker,https://www.lorempixel.com/499/0,509.672.7323,fresh,4bb69403-f312-408b-a40c-8af87be965b5,2025-02-28 22:22:33,2025-03-17 20:24:17
190,alexisandrade@hotmail.com,*U2FwLl!@),Jessica,Simpson,admin,https://placeimg.com/1001/704/any,931-967-7483,verified,a90f1c9d-5842-4609-94b8-4892161582b9,2025-06-07 07:40:26,2025-01-14 21:03:18
191,ihart@clark.com,H2Hruced^E,Jackson,Hale,service_provider,https://www.lorempixel.com/851/847,(880)863-9535,deleted,c87850b0-566d-491f-a975-43ca086c611f,2025-05-13 14:24:35,2025-03-09 01:53:35
192,jonathan17@gmail.com,4y+EVylW)6,Jacob,Johnson,admin,https://placeimg.com/482/1010/any,(343)719-0631x772,active,eb89c960-0f79-47c9-9133-f2aab83cf866,2025-02-06 23:51:45,2025-07-08 15:54:17
193,brandonwells@yahoo.com,5@7vXCWJ%v,Matthew,Snyder,admin,https://dummyimage.com/934x741,001-140-645-0242x318,deleted,c06bc013-ce4f-4f4a-ba91-bdc09db11f70,2025-01-04 07:18:37,2025-06-06 23:31:58
194,mccarthylinda@gmail.com,CNWVc7Yf(3,Ana,Evans,admin,https://placekitten.com/242/710,339-011-6008x345,fresh,91de66b4-2b59-41c2-90bc-f61f59cd993d,2025-04-26 09:10:15,2025-06-25 10:14:53
195,cory31@yahoo.com,a5@5NPeyM7,Allison,Hatfield,service_seeker,https://www.lorempixel.com/690/947,527-822-5145x70908,suspended,804df6e9-c11f-4dfe-8867-98425a6cd62e,2025-05-05 20:32:04,2025-01-24 17:00:28
196,smithbrian@parker.com,U8F4BnWbo+,Jeffrey,Mitchell,admin,https://placekitten.com/676/157,001-979-849-4696x5765,deleted,a5c6be23-93ff-479c-a159-2dbebed80f45,2025-07-09 02:52:37,2025-04-11 21:58:37
197,aibarra@gmail.com,*eU_R4oh7p,David,Cunningham,service_seeker,https://www.lorempixel.com/844/531,001-684-592-8839,verified,b2df09e8-e373-462f-9c62-7f4fd48ed28c,2025-01-27 01:07:34,2025-06-05 11:13:36
198,benjamin72@gmail.com,*@07ByrNIT,Jenna,Ross,service_seeker,https://placeimg.com/142/230/any,+1-536-736-6450,deleted,af741c80-3373-4304-9e35-826729b019a9,2025-05-20 19:00:40,2025-02-18 00:00:28
199,katelyn56@reyes-clark.com,)BCh@6oey_,Keith,Baker,admin,https://www.lorempixel.com/955/370,568-435-0087x6090,verified,e1a02deb-7f5a-4f46-a182-05ee7ed8900d,2025-07-06 23:12:05,2025-03-16 04:18:13
200,hbarnes@hopkins-mckenzie.com,46^o3SVibi,Eugene,Walls,service_provider,https://placeimg.com/93/714/any,+1-422-708-0361x41995,suspended,87a4edb4-8b9c-4799-a450-7dd9c0881ea5,2025-01-05 04:15:23,2025-01-21 11:52:38
201,jessica22@santiago.com,NON4HVwP!2,Tyler,Johnson,admin,https://placekitten.com/712/202,727.448.0423x6161,verified,e5b31592-4ac2-4ab9-9101-924f7891bf77,2025-01-06 18:14:02,2025-02-23 13:58:02
202,qlong@hall.com,#8ET7Ckw!A,Jasmin,Sanchez,admin,https://placekitten.com/322/941,+1-762-395-5089x60770,fresh,c875185f-6b21-477b-b0c8-1ba4b872e31d,2025-01-03 16:32:12,2025-02-01 03:11:25
203,anne69@hotmail.com,q0ijbWRj$j,Katie,Benson,service_provider,https://placeimg.com/663/991/any,494-404-5819,deleted,a7ea028e-bd31-4323-98c1-a49a5cb7bf29,2025-03-08 22:49:16,2025-04-18 13:10:56
204,gardnertammy@gmail.com,wK)$2Ndy&V,Spencer,Nelson,service_provider,https://placeimg.com/96/620/any,(106)548-5963,suspended,f9f98eea-5def-4a80-9e7b-2baf4242ddf2,2025-02-22 05:19:44,2025-01-04 06:47:29
205,johnsonmichael@evans-glover.com,#_ZBF_2x7Z,Mary,Hammond,service_seeker,https://www.lorempixel.com/247/288,534-254-4446x4715,active,d7985cf4-0f20-48b5-973e-d77ab1fa25ed,2025-05-17 22:39:28,2025-03-21 12:11:35
206,johnhowell@hotmail.com,#A6G$yBg&G,Jeanette,Martinez,service_seeker,https://placeimg.com/520/486/any,5634990823,verified,50ac201b-9e78-4794-bd4d-13c69ed748e2,2025-06-04 11:20:35,2025-06-20 18:57:54
207,rachel46@gmail.com,$RyK5Ick_C,Eric,Bailey,service_seeker,https://placekitten.com/529/272,388.688.3382x25764,verified,6c9aa80e-bd04-4b5b-a346-be89c7e9537b,2025-05-12 16:58:45,2025-02-26 05:35:11
208,wilsonrobert@hotmail.com,_13rWqGZ&p,Melissa,Fernandez,service_seeker,https://placeimg.com/183/262/any,447.683.6608,suspended,5bec3948-b844-4831-aaa3-e6dcfc0eed48,2025-03-21 17:23:02,2025-06-23 03:11:13
209,nbaker@gmail.com,(Q3NklRKu9,Margaret,Lawrence,service_seeker,https://placeimg.com/4/817/any,978.489.6748x1538,active,3f302047-7884-40db-b470-68695b71e6b7,2025-05-09 12:44:46,2025-03-30 11:02:52
210,salaspaul@griffith.com,*qwRgHKcG2,Tony,Hawkins,admin,https://dummyimage.com/955x588,001-302-349-7842,active,105d2e63-71e8-47b5-82ce-52ba4a03f048,2025-04-28 19:14:56,2025-02-21 13:32:39
211,chad97@gmail.com,Z!4SKROuRK,Megan,Lee,service_provider,https://placeimg.com/694/394/any,(147)954-6084x0002,suspended,fe0bb96a-0ceb-4493-adb1-2540e6862a1c,2025-06-13 23:47:59,2025-01-01 10:59:03
212,etorres@gmail.com,#1UMbUarre,Joanne,Harvey,admin,https://placekitten.com/589/536,133.172.9979,fresh,07c957bf-8e13-4c20-9b0d-778f9008dea4,2025-04-22 17:46:04,2025-01-10 01:35:13
213,lorrainemcmahon@yahoo.com,%(&7UDpc)S,Amber,Price,service_seeker,https://dummyimage.com/688x993,466.574.3856,suspended,36293eba-fe08-4a0d-9248-4ab04083581b,2025-05-19 23:03:10,2025-05-29 02:43:51
214,abigailrocha@martinez-murray.org,$O0AJnEAme,April,Thompson,admin,https://placekitten.com/896/821,001-546-977-4196x768,deleted,33a5ab4e-4e2a-4644-9bc1-3a04a9e67b01,2025-05-26 11:12:30,2025-02-06 08:15:50
215,dannychen@gmail.com,+Bha4Aco8W,Sierra,Kelly,service_provider,https://placeimg.com/545/414/any,214.272.0916x572,fresh,8006b21e-eba0-4dd2-bee0-4a879f374a88,2025-04-11 04:57:39,2025-03-31 03:36:39
216,emilyyates@yahoo.com,!aHq2P0li+,Laura,Smith,admin,https://dummyimage.com/398x725,255.800.6632x74381,suspended,112e2f38-e442-4b71-a3f6-13b2d77b50dd,2025-01-30 13:21:30,2025-04-24 07:48:37
217,michelle62@yahoo.com,V52B+vkPu^,Bryan,Jackson,service_provider,https://dummyimage.com/77x495,+1-656-003-3217x60480,verified,d28f13fb-9bb4-41ec-9df5-a553e1c4d175,2025-05-31 07:19:11,2025-05-08 06:08:54
218,ambermatthews@gmail.com,l1@J04Zg$t,Stephanie,Lewis,service_provider,https://placekitten.com/1007/642,591-053-4490x954,deleted,23b02c1d-4023-4284-ae0c-3a7c3c831700,2025-03-12 00:01:10,2025-03-08 03:47:29
219,llewis@gmail.com,3+5ZIBSc@2,James,Walker,service_provider,https://dummyimage.com/565x170,369.146.6732x622,active,ebe5686b-0d09-464f-9fda-17b911ef7472,2025-01-05 12:10:41,2025-03-25 11:54:49
220,brandongray@gmail.com,1%V1GAyg&z,Kaitlin,Johnson,admin,https://placekitten.com/773/709,(588)343-9227x2662,verified,28b4670a-7c8a-448a-984c-f633311bde7e,2025-05-04 01:29:08,2025-01-20 14:17:58
221,jessicarhodes@hotmail.com,EcNbJ5Lu)d,Gregory,Williams,admin,https://placekitten.com/198/695,423.142.6372x8158,deleted,e15bc28b-4e6d-42e1-8b27-62e05e7df3d2,2025-06-24 03:39:50,2025-06-04 17:29:32
222,downsdiana@hotmail.com,bLE1LqbpE^,Christine,Wilson,service_seeker,https://placekitten.com/241/658,452-221-1088,active,17b9eb0c-7bc5-49b0-831b-a5314ed39f53,2025-05-14 01:55:46,2025-01-26 21:34:12
223,anthonyryan@odonnell.com,!5LZXaRbCl,Kaitlyn,Gill,admin,https://placekitten.com/885/556,(231)373-8104x907,fresh,a490c1c4-b4b2-4e43-9906-248708aef777,2025-04-20 10:09:31,2025-02-21 13:25:26
224,beth35@zimmerman.com,^ITbhEEva2,Danielle,Middleton,service_seeker,https://placekitten.com/358/691,(511)081-1335,active,e8e89ce9-630f-496c-a568-2ffae94d4f0c,2025-07-08 07:34:36,2025-01-19 23:09:52
225,pallen@fox.biz,VfH0Tk6i@J,Jill,Harrington,service_provider,https://placeimg.com/779/106/any,480-384-8515x55657,suspended,ebee5485-5a63-4a7c-b7e7-4607554df11b,2025-01-07 18:00:20,2025-01-23 00:55:03
226,jodi12@gmail.com,9%b5CRwt34,Maureen,Jones,admin,https://placeimg.com/891/73/any,641.677.0079x4589,suspended,d95a42b0-685c-4fda-a75c-a99c05268e6f,2025-03-30 16:16:43,2025-01-28 02:52:43
227,harriskimberly@frank.com,@fgb2AFilO,Thomas,Rios,service_seeker,https://www.lorempixel.com/973/626,001-677-930-5221x5818,fresh,64e6c683-49e7-4fc8-b838-31970f75cca8,2025-01-14 11:26:09,2025-03-21 21:37:08
228,acharles@hotmail.com,2!197WHxbY,Stephanie,Davis,service_provider,https://dummyimage.com/736x941,299-414-5964,fresh,f8da44c9-8def-4419-b772-ce1f344bc759,2025-06-25 11:26:19,2025-04-21 07:26:23
229,brandon99@sanchez.com,+5CaxkjHaE,Jason,Lee,admin,https://placeimg.com/812/129/any,001-683-471-5058x31499,verified,d8b90a0d-2dcd-4907-9f20-09c45ddf8cac,2025-05-17 12:11:29,2025-03-09 15:32:57
230,ashley87@hotmail.com,b+7zPya7sm,Elizabeth,Hurley,service_provider,https://placekitten.com/573/488,5928982236,verified,db92df41-ee86-4916-8cff-aee73e59fa2e,2025-05-18 22:20:35,2025-07-08 22:09:57
231,brandon48@dominguez.com,^3YafkX)0#,Raymond,Williams,service_seeker,https://placeimg.com/740/523/any,412.025.3936x3853,deleted,cc0202ae-5a70-4aee-8ebc-48e4937590cc,2025-01-31 15:46:41,2025-03-15 03:17:33
232,hschwartz@beltran.com,M0+2sVmftH,Sandra,Evans,service_provider,https://dummyimage.com/95x342,362.204.4273,deleted,006f19a8-6823-4c88-bd6f-a6ac92132a3f,2025-01-11 03:06:39,2025-02-19 15:05:23
233,stephen24@lopez.com,*4@Ob$&*Yo,Kimberly,Fields,service_seeker,https://placekitten.com/355/942,001-350-732-4435x86616,verified,86f71898-92af-4008-bf6e-8b7f5db31825,2025-06-10 09:55:31,2025-05-22 20:45:45
234,pbryant@scott.com,_4SkWtsD8Q,Deanna,Mata,service_seeker,https://www.lorempixel.com/910/157,1228358413,deleted,edefd0d1-162c-4c21-a5a9-aecbe57c8434,2025-02-21 06:40:02,2025-01-28 22:07:47
235,kathrynhernandez@rodriguez.com,e_70Dl&KTr,Steven,Davis,service_provider,https://dummyimage.com/849x56,814.468.4874x86287,fresh,1487fb37-2529-49c2-8482-6ccecfb04a1c,2025-06-05 03:24:45,2025-06-12 17:31:39
236,catherine59@combs-smith.net,JE!3AWFuc+,Jared,Jenkins,service_seeker,https://placekitten.com/548/1004,8821179275,suspended,8eab382f-ff62-4c0e-82ee-f3d6053233de,2025-02-02 22:39:28,2025-07-05 20:04:16
237,andrewcarter@hotmail.com,(XDC4#Jj3c,Cody,Carr,service_provider,https://placekitten.com/556/420,3957224883,fresh,561cd3e7-c9ca-4dd3-be4e-22172cf15ab4,2025-03-23 04:22:57,2025-03-07 05:03:14
238,kimberlyhall@serrano.com,7b9T+AQwd!,Pamela,Macias,admin,https://placeimg.com/887/868/any,001-251-450-3142x0863,deleted,8619614b-2bb6-4623-9822-658f8eb2c3d9,2025-04-13 19:48:16,2025-01-12 03:14:12
239,fordmelissa@yahoo.com,BT3AZX+yG^,Christine,Ellis,service_seeker,https://placeimg.com/615/766/any,(039)044-8957x9766,fresh,5449789b-4d98-4ee2-a37b-ed6e1d14e3c1,2025-06-15 17:22:02,2025-05-14 10:39:24
240,jennifer84@zavala.org,+9e2#%KvT*,Daniel,Martin,service_seeker,https://dummyimage.com/470x594,873.400.9485x873,fresh,eced6cac-c3f2-495b-a671-540ea415071a,2025-06-16 09:29:54,2025-06-15 18:33:29
241,moorerobert@hotmail.com,$)3vTvT0G#,Marcus,Grant,service_provider,https://dummyimage.com/548x86,+1-214-126-3861x038,active,cde1c6aa-9c77-48f3-9f38-9ea853df22f2,2025-02-17 18:47:40,2025-03-29 08:43:59
242,olevy@gmail.com,90NIO0Po$5,Corey,Baker,admin,https://placekitten.com/511/428,921-960-8839x62008,deleted,ef7d9db0-8031-4942-8429-0e3700c10f68,2025-02-20 20:06:19,2025-01-04 13:12:56
243,fcruz@gmail.com,Mdy#4fRh_&,Mary,Grant,service_provider,https://placekitten.com/719/995,532-908-5919x92792,deleted,fd4de139-1aea-4395-a8c4-f3a20a453766,2025-05-05 14:03:30,2025-05-23 02:36:24
244,james39@allen.net,(it5)Qp&^t,Ryan,Myers,service_seeker,https://dummyimage.com/61x721,+1-517-043-2207x8253,suspended,1a520269-fb8c-44bf-9e7d-f9c519959a9a,2025-01-24 06:16:45,2025-06-28 06:35:05
245,amanda76@gmail.com,1$ZIRuna^A,Joshua,Mendez,admin,https://dummyimage.com/185x754,(764)500-5433,suspended,113747a9-39f8-4d34-a9c2-ac916957b82d,2025-01-15 20:21:41,2025-01-06 21:59:23
246,espinozajason@gmail.com,&8Fqjiah^O,Marcus,Buck,service_provider,https://www.lorempixel.com/793/1010,974.382.1190x0792,suspended,f8ee4fc2-94b4-417b-a88c-938adc3425af,2025-05-27 07:46:37,2025-01-15 16:58:26
247,mariahughes@andrews-castillo.com,&x)3*Bdp2E,Miguel,Brown,service_seeker,https://dummyimage.com/765x892,(975)162-4843x912,deleted,00067db3-825f-4ce4-8875-df53d82de3d7,2025-02-11 19:46:59,2025-03-27 17:59:25
248,christinawagner@yahoo.com,(SWDuMWX56,Charles,Mendez,service_seeker,https://placekitten.com/778/415,830.798.6868,deleted,f3efecb4-2614-4e45-b9d8-de1bae176763,2025-02-05 02:09:03,2025-03-19 02:45:46
249,zbennett@yahoo.com,#5Mx7zoG8c,Michael,Martin,service_seeker,https://placeimg.com/824/40/any,(293)265-1801x39553,active,70fa5329-9a98-40c0-a4d6-cbeb35234bb4,2025-06-24 04:10:38,2025-02-10 13:55:09
250,amandaeverett@vasquez.net,S8mUKfMz^4,Rebecca,Ford,service_provider,https://dummyimage.com/751x583,+1-387-305-8300x27142,suspended,7f84176a-6e14-4782-9d28-5dc7b0e91d0a,2025-06-15 23:17:58,2025-06-18 00:58:11
251,qtyler@logan-castro.com,+xP6WYhrP1,John,Higgins,service_seeker,https://www.lorempixel.com/242/255,(744)708-2376x49790,verified,62d18508-6cd6-4d37-b5b2-e987e3f2db37,2025-04-05 18:45:12,2025-03-14 20:32:44
252,eric05@solis.info,h$0u$Sxg0!,Timothy,Lyons,admin,https://dummyimage.com/131x450,9305683110,fresh,1a3bdc75-a619-42f6-ad6f-62345e35e857,2025-01-19 21:35:43,2025-04-07 16:27:14
253,hcastillo@adkins.com,y1_dTzUu$5,Jason,Smith,service_provider,https://placeimg.com/72/1000/any,617-496-5599,verified,5c4abd53-13b4-4877-bf03-41f753871ec3,2025-02-23 09:54:45,2025-05-27 09:01:04
254,pgarcia@harris-cisneros.biz,@V56%CXe^K,Katherine,Schaefer,admin,https://www.lorempixel.com/837/885,2663649462,suspended,b7fb1704-648c-46fd-850f-8ba09081bdc2,2025-03-04 12:47:30,2025-01-22 19:55:23
255,wilcoxashlee@yahoo.com,%7DX7+v8x9,Juan,Dudley,admin,https://placekitten.com/863/538,044.765.3265x2269,active,539d60e4-38e6-46dc-9f4a-c71e7b03bf92,2025-06-04 08:17:38,2025-02-20 23:04:25
256,kristinawilliams@yahoo.com,0v@7+JP(r+,Robert,Dickerson,admin,https://www.lorempixel.com/28/403,441.804.5503x14180,verified,5c78376f-24cb-4cbc-9b9c-f173d3502def,2025-04-04 23:02:54,2025-04-28 06:14:08
257,summerskatherine@yahoo.com,$xxT4Tz7M7,Bruce,Hanna,admin,https://placekitten.com/778/711,(908)218-8582x036,fresh,40eb8936-888c-48aa-8838-f6cc8f8a3185,2025-06-13 11:16:28,2025-06-21 01:39:50
258,ugarrett@fernandez-miller.net,^oNWQUG^T6,Ashley,Crawford,service_provider,https://placekitten.com/159/913,273.623.7007x756,active,eb7710f3-8766-402b-b671-704907e09125,2025-06-04 16:41:35,2025-06-03 06:45:37
259,reesesharon@hotmail.com,v67HrhRu^@,Priscilla,Thompson,service_seeker,https://placekitten.com/54/348,+1-456-356-6083,suspended,8e46f08a-ccea-4dbc-ba5f-57635bb05037,2025-02-19 01:15:36,2025-03-16 20:35:27
260,mollymyers@garcia.info,O7@+Gzg1%3,Christina,Young,service_seeker,https://placekitten.com/363/324,001-280-925-1296x4309,active,85a16ba1-4e65-4be1-8e23-3b5e263005f8,2025-03-14 19:37:46,2025-02-20 09:54:52
261,bushcaitlyn@hotmail.com,+!1WaOLrSU,Gary,Grimes,service_provider,https://placekitten.com/515/767,714-483-1021x64499,deleted,32663820-0403-4fcb-962a-be04bb3d39f2,2025-05-31 19:43:30,2025-02-17 09:18:54
262,williamssusan@gonzales.com,0732wiWa$(,William,Hobbs,service_seeker,https://placeimg.com/705/84/any,8378058769,verified,90a8da4f-2814-427a-a5a4-d953d4e719a7,2025-01-26 01:24:27,2025-03-08 22:11:11
263,rebeccalowe@huerta.com,&S2GWetjlA,Michael,Arnold,service_provider,https://placeimg.com/901/226/any,491-043-0642x748,active,52042ded-3983-48cf-9d1a-97d7788b3a86,2025-02-25 16:56:57,2025-01-16 06:27:45
264,brian64@davis.com,@0DgVpEau2,Kristen,Robinson,admin,https://placekitten.com/603/458,001-077-730-6786x6934,deleted,e14efdff-3dd6-4d66-88e2-cda275a22c20,2025-07-08 08:25:39,2025-02-05 23:18:38
265,sheltoneric@nolan.biz,(e2IojkAdp,Julia,Wells,service_provider,https://dummyimage.com/189x797,0966786113,deleted,861125db-6530-47c6-bfe5-6b36f57f0c58,2025-04-15 23:13:31,2025-05-13 03:26:52
266,diazpaul@short.net,(A1N6Qub6%,Frances,Burns,admin,https://www.lorempixel.com/2/318,(916)880-1923x0316,verified,b4ece0c0-e1d1-4f0c-a499-7a41c345f52c,2025-04-14 04:35:55,2025-04-16 14:55:10
267,robingarcia@johnson-guerrero.com,_h)^8yGrC0,Rachel,Randolph,service_provider,https://dummyimage.com/95x184,001-227-339-5873,verified,aa9e254e-9b30-4117-b1bf-111dd86bb5d9,2025-01-09 05:49:20,2025-05-20 10:36:30
268,pamela82@hotmail.com,vwQe@zg2*0,Nancy,Nichols,service_seeker,https://placekitten.com/664/65,164-278-9006,suspended,afda7110-eb9e-4db3-9d18-9d47b120201e,2025-07-09 10:23:05,2025-03-24 16:02:08
269,brianwilliams@yahoo.com,($BpJLu4z4,Kimberly,Donovan,admin,https://placekitten.com/538/164,169-010-8747x634,suspended,a4d9f91c-0868-4878-b3e8-378ad2145a84,2025-05-01 21:59:39,2025-03-19 09:54:17
270,christopherestrada@gilbert.com,NYy0@3ZdAN,Debra,Lane,service_provider,https://www.lorempixel.com/469/814,940-603-2484x1634,suspended,c048ca18-6de8-4731-83f1-60e998d256eb,2025-01-21 09:50:19,2025-01-12 14:36:42
271,robinnorris@cantu.com,@3EnFq)z60,Amanda,Conner,service_seeker,https://dummyimage.com/917x222,033.413.7960,verified,a71fd523-b84b-4b0e-9d71-1ced53557667,2025-06-24 06:36:42,2025-05-08 13:08:13
272,ortizadam@hotmail.com,n7buwEDs#g,Jason,Castro,admin,https://placekitten.com/877/584,001-149-005-8721,deleted,5f576a54-b78d-4f41-a46e-14b966dccdb7,2025-06-11 02:10:48,2025-05-21 09:12:32
273,smithamanda@hotmail.com,*#+kp3Mx^V,Elizabeth,Singh,service_provider,https://placekitten.com/536/502,(798)050-7392x81295,active,8a973515-12e0-4dcd-a30f-c5f66bef50ea,2025-03-07 05:31:25,2025-06-04 09:15:10
274,lbell@hotmail.com,@73cErmX+8,Emily,Dennis,admin,https://placeimg.com/646/725/any,928.561.1819x214,fresh,6ba70bb7-3757-49cf-8807-80d3f15a2504,2025-01-02 03:44:18,2025-06-07 02:27:43
275,paigejackson@stanton.com,!B4Xzs!Q)Z,Selena,Moon,service_seeker,https://placeimg.com/449/783/any,001-521-803-9322x520,deleted,99e7c061-9e67-437e-af23-bece3629cb2c,2025-01-26 07:23:44,2025-05-30 18:56:27
276,maxwelltiffany@gonzalez.com,%DQGQ0Me_P,Devin,Davila,admin,https://placeimg.com/554/292/any,(286)939-8020x0853,fresh,bd1dcb5b-58f9-4ca9-932f-1d7a7d2bd9a1,2025-06-14 19:59:10,2025-06-17 08:38:51
277,ywilliams@yahoo.com,)zOn8S+qE7,Kristie,Reid,service_provider,https://placekitten.com/1007/799,2661514023,verified,31278847-f58f-4e1b-80b9-7774dc5a76ee,2025-05-12 07:13:55,2025-03-01 06:42:34
278,stoneruth@anderson.com,)uwJZ7CqFT,Susan,Black,admin,https://dummyimage.com/344x1006,181.589.2939,suspended,a7803305-e824-465c-a103-48c8c089a068,2025-06-18 08:04:58,2025-01-20 07:09:17
279,rachel24@wright-freeman.org,$tXcf4Uhl5,Lawrence,Hill,admin,https://www.lorempixel.com/63/811,001-342-834-7628,deleted,373ed2ec-14a2-494c-a050-5758824ac233,2025-03-09 01:34:45,2025-06-16 02:17:51
280,suehunt@bryant-lopez.com,^4Tfd_Ng5r,Amber,French,service_seeker,https://placeimg.com/144/292/any,938.276.7623x0199,deleted,35595cf2-ab2c-4d57-bab0-b4077bce2205,2025-06-30 00:24:25,2025-06-04 22:33:09
281,thomasmatthew@hotmail.com,+9O9Zd!nV!,Donna,West,admin,https://placeimg.com/906/1009/any,001-834-200-4369x4348,active,fa9e4763-edca-4fc9-b295-f7ada9d0e761,2025-06-27 00:36:49,2025-05-25 11:11:29
282,derrick33@olson.com,)$13RBCsRa,Jennifer,Tran,service_provider,https://www.lorempixel.com/13/0,001-280-146-7784x82417,fresh,9c8344ac-7dbf-462f-88a1-6eaf14dc12d9,2025-05-08 11:43:34,2025-01-01 12:39:15
283,wrightgabrielle@parks.com,0&LZT&un&2,Andrew,Ball,service_seeker,https://www.lorempixel.com/533/278,+1-635-722-8166x6643,fresh,bc11dfd8-7155-43b1-952b-d630c2e93a37,2025-06-09 00:29:42,2025-05-30 19:17:44
284,rgalvan@christian.biz,Z%8yOCmF!2,Katherine,Davis,service_seeker,https://placekitten.com/441/223,080.702.4465x063,deleted,40a6e92f-b053-47fd-901e-b672d38e449c,2025-05-27 18:04:54,2025-04-26 08:12:45
285,huertasheena@hotmail.com,E4%E(5Mh%q,Erin,Haynes,admin,https://placeimg.com/730/253/any,171.376.0594x488,verified,7aa8df43-bf3b-4940-ac70-65fe62af5bb9,2025-03-23 16:32:55,2025-01-16 07:21:09
286,camposjessica@hotmail.com,So1$2EdcK*,Karen,Mcintosh,admin,https://www.lorempixel.com/584/855,(525)874-0445,deleted,ac5bac98-5207-4710-a278-524ad993526f,2025-01-11 06:30:37,2025-02-06 22:54:05
287,chelsey42@jimenez-collins.com,f1LjKLl#(i,Kendra,Willis,service_seeker,https://placeimg.com/855/146/any,001-345-511-8524x76534,suspended,4b95747c-2ec1-46c2-a793-c1cc6fd0ddcd,2025-06-23 17:43:58,2025-03-03 19:42:59
288,ronaldharper@hotmail.com,e&@(9yLmcP,Brett,Sloan,service_provider,https://www.lorempixel.com/467/138,+1-426-803-2993,verified,8e0c4b4d-785e-4372-8292-12a80adf5eca,2025-03-02 11:51:55,2025-04-01 21:45:08
289,rknight@peterson-hill.com,%yBOlTfd29,Mark,Mays,admin,https://www.lorempixel.com/100/72,001-560-634-2100x10783,fresh,59f3c4e8-d65b-4417-ac1b-d938b13453f9,2025-01-04 04:17:35,2025-06-28 17:32:27
290,natalie58@hotmail.com,O!1c$AvzI$,Kiara,Brock,service_seeker,https://www.lorempixel.com/569/654,+1-605-890-5684x0733,active,4f88b6fd-d7c2-4e50-a843-0647db2244bd,2025-06-28 00:40:55,2025-01-18 19:03:44
291,mjohnson@mack.com,BjI)P1Y#*0,Justin,Martin,service_provider,https://dummyimage.com/993x199,2091347939,verified,acbe55da-966d-414f-aa6f-0ab7c77f5194,2025-03-09 17:42:37,2025-03-26 15:20:10
292,vgordon@gmail.com,l+w7Zzq#F+,Caitlin,Graham,service_seeker,https://www.lorempixel.com/200/279,+1-591-583-5645x760,fresh,10489eb4-f511-4d40-97cc-b386513919b7,2025-06-11 00:08:59,2025-06-12 22:35:39
293,paul23@rowe.org,^1)KJmY45p,Edward,Solis,service_provider,https://placekitten.com/191/101,001-440-772-4978x6718,suspended,abec1f59-29f8-4ddf-b4c5-2a29316eca35,2025-01-26 18:27:36,2025-04-29 05:26:42
294,alexander57@foster-peterson.net,$bKHMIJu6a,Andres,Mcdonald,service_seeker,https://dummyimage.com/376x673,(977)926-1874,suspended,63eca8ff-f930-432e-bbc2-bfb016d950e2,2025-06-27 18:35:45,2025-03-13 07:18:50
295,melissa20@thomas.com,Ms33WPg8H^,Emily,Hughes,service_seeker,https://dummyimage.com/737x281,159-974-0455,verified,128225b4-9c8c-4723-b905-ed2ca65f6ddd,2025-03-09 04:12:24,2025-06-28 22:02:01
296,lroberts@gmail.com,5AS%^lxW(+,Carrie,Freeman,admin,https://dummyimage.com/930x302,001-878-296-6146,deleted,6b8b5f65-d040-448f-85aa-54795029af5a,2025-01-09 03:51:36,2025-01-27 20:06:09
297,christopher46@cardenas-moore.com,L4e$_rFH!u,Monica,Gutierrez,service_provider,https://dummyimage.com/514x741,586-142-9077,suspended,bf3d3cf7-5723-4d9b-88d6-c29705861d3a,2025-02-21 23:29:55,2025-05-04 09:17:06
298,adam22@sherman.com,!6L^H%JoQz,Elizabeth,Cobb,service_seeker,https://placeimg.com/544/85/any,(591)904-8728x966,verified,bbc2766a-2440-445d-9de6-7b8de21e6c89,2025-05-27 23:42:43,2025-02-13 23:36:39
299,byrdmichael@khan.com,A2Ggw!XR&0,Courtney,Dillon,admin,https://www.lorempixel.com/838/543,+1-613-144-2151x223,verified,1a0c70b0-82ff-4035-a835-749e17eaa2e3,2025-03-01 02:08:29,2025-02-25 05:20:39
300,rickywhite@anderson-stewart.com,!7oLDmY+36,Andrew,Harris,admin,https://placeimg.com/131/363/any,778-023-0373x3873,verified,c1515b10-358b-4ba4-9315-371578aea52a,2025-03-15 17:11:43,2025-04-07 08:56:23
